rs value	positions	allele frequency
rs181811374	['chr22:50046193 ']	G=0.99861
rs149535814	['chr22:50046353 ']	G=0.99986
rs116275587	['chr22:50046394 ']	G=0.99563
rs144095314	['chr22:50046395 ']	C=0.99986
rs186002530	['chr22:50046407 ']	C=0.99979
rs148694657	['chr22:50046427 ']	G=0.99735
rs137905	['chr22:50046464 ']	T=0.114747
rs188466598	['chr22:50046526 ']	G=0.99915
rs932330	['chr22:50046597 ']	A=0.45268
rs181270675	['chr22:50046614 ']	C=1.00000
rs55893511	['chr22:50046717 ']	C=0.97618
rs184952677	['chr22:50046831 ']	G=0.99480
rs191072413	['chr22:50046869 ']	C=0.99993
rs6010247	['chr22:50046912 ']	T=0.92748
rs143557157	['chr22:50047272 ']	G=0.99909
rs59727397	['chr22:50047289 ']	A=0.99927
rs137906	['chr22:50047364 ']	T=0.10326
rs146310696	['chr22:50047390 ']	C=0.99936
rs75102543	['chr22:50047397 ']	C=0.99695
rs139603468	['chr22:50047415 ']	G=0.99452
rs56043892	['chr22:50047553 ']	G=0.93060
rs187383278	['chr22:50047558 ']	G=0.99986
rs75696883	['chr22:50047588 ']	C=0.95395
rs192064624	['chr22:50047991 ']	G=0.99840
rs182946597	['chr22:50048020 ']	C=0.99820
rs137907	['chr22:50048163 ']	T=0.01921
rs5771323	['chr22:50048260 ']	G=0.82562
rs112009312	['chr22:50048303 ']	T=0.99972
rs73893120	['chr22:50048369 ']	T=0.99327
rs146605104	['chr22:50048382 ']	A=0.99528
rs80223445	['chr22:50048420 ']	C=0.93355
rs141017769	['chr22:50048426 ']	C=1.00000
rs149828213	['chr22:50048440 ']	G=1.00000
rs145849189	['chr22:50048762 ']	G=0.98888
rs149013540	['chr22:50048826 ']	G=1.00000
rs145747152	['chr22:50048833 ']	C=0.99861
rs137908	['chr22:50048885 ']	A=0.1618
rs137909	['chr22:50048886 ']	G=0.12624
rs137910	['chr22:50048887 ']	G=0.2397
rs138687986	['chr22:50049024 ']	G=0.99666
rs137911	['chr22:50049138 ']	T=0.12287
rs187585851	['chr22:50049180 ']	G=0.99993
rs141219698	['chr22:50049232 ']	G=0.99927
rs113127908	['chr22:50049254 ']	C=0.99702
rs115120621	['chr22:50049361 ']	T=0.99889
rs191656346	['chr22:50049399 ']	G=1.00000
rs116695156	['chr22:50049412 ']	C=0.99924
rs146970039	['chr22:50049528 ']	C=0.99846
rs141716888	['chr22:50049616 ']	G=0.99968
rs78897650	['chr22:50049701 ']	G=1.00000
rs182707571	['chr22:50049709 ']	A=0.99993
rs137912	['chr22:50049724 ']	T=0.09955
rs116551533	['chr22:50049756 ']	G=0.98642
rs187437488	['chr22:50049907 ']	G=1.00000
rs138632762	['chr22:50049937 ']	C=0.99986
rs114409591	['chr22:50050098 ']	C=0.99723
rs192707644	['chr22:50050104 ']	G=0.99992
rs117334902	['chr22:50050118 ']	G=0.96378
rs184510799	['chr22:50050133 ']	C=0.99829
rs80098710	['chr22:50050213 ']	G=0.99996
rs190576024	['chr22:50050223 ']	C=0.99996
rs144203289	['chr22:50050286 ']	N/A
rs192619614	['chr22:50050314 ']	C=0.99986
rs115295105	['chr22:50050347 ']	T=0.99619
rs144263791	['chr22:50050556 ']	C=1.00000
rs8143094	['chr22:50050566 ']	C=0.72291
rs148748460	['chr22:50050585 ']	G=0.99979
rs184242945	['chr22:50050770 ']	C=0.99695
rs9628318	['chr22:50050837 ']	G=0.99986
rs189002279	['chr22:50050919 ']	C=0.99868
rs71316581	['chr22:50050972 ']	G=0.98204
rs186579177	['chr22:50051146 ']	G=0.99709
rs189790964	['chr22:50051151 ']	C=1.00000
rs139403821	['chr22:50051223 ']	A=1.00000
rs145706070	['chr22:50051313 ']	C=0.99993
rs147770733	['chr22:50051358 ']	A=0.99986
rs141076077	['chr22:50051361 ']	T=0.99993
rs146933699	['chr22:50051417 ']	T=0.99917
rs180822610	['chr22:50051426 ']	C=0.99986
rs137914	['chr22:50051516 ']	T=0.85177
rs144932449	['chr22:50051556 ']	G=1.00000
rs186054441	['chr22:50051559 ']	C=0.99986
rs192166713	['chr22:50051564 ']	G=1.00000
rs113052954	['chr22:50051611 ']	C=0.99815
rs116777408	['chr22:50051614 ']	T=0.98669
rs112368187	['chr22:50051615 ']	G=0.99882
rs143123198	['chr22:50051685 ']	C=0.99994
rs185930479	['chr22:50051692 ']	A=0.99865
rs148257211	['chr22:50051768 ']	C=0.99799
rs117043484	['chr22:50051899 ']	A=0.99993
rs141845871	['chr22:50051932 ']	T=0.99931
rs190643975	['chr22:50051970 ']	C=0.99986
rs145507079	['chr22:50051975 ']	C=0.99986
rs114695557	['chr22:50051976 ']	G=1.00000
rs183196215	['chr22:50051987 ']	A=0.99762
rs76125677	['chr22:50052027 ']	T=0.96250
rs9628319	['chr22:50052068 ']	C=0.97678
rs188223011	['chr22:50052240 ']	C=1.00000
rs137915	['chr22:50052243 ']	A=0.0154
rs191323574	['chr22:50052366 ']	C=0.99993
rs142730749	['chr22:50052385 ']	G=0.99667
rs73893121	['chr22:50052418 ']	G=0.97168
rs55833472	['chr22:50052434 ']	C=0.94076
rs115029504	['chr22:50052442 ']	G=0.99105
rs150621244	['chr22:50052448 ']	C=0.99354
rs182743696	['chr22:50052462 ']	G=1.00000
rs79814761	['chr22:50052506 ']	T=0.95270
rs73429531	['chr22:50052513 ']	C=0.97147
rs139757047	['chr22:50052531 ']	C=0.99986
rs149387008	['chr22:50052621 ']	A=0.99993
rs77905794	['chr22:50052720 ']	T=0.99993
rs5771133	['chr22:50052721 ']	A=0.836170
rs140134549	['chr22:50052943 ']	G=0.99973
rs5771135	['chr22:50052950 ']	G=0.99323
rs187673598	['chr22:50052987 ']	C=0.99924
rs192363948	['chr22:50052998 ']	G=0.99942
rs9628277	['chr22:50053012 ']	A=0.88349
rs184747691	['chr22:50053078 ']	C=1.00000
rs147735094	['chr22:50053084 ']	T=0.99591
rs137916	['chr22:50053284 ']	G=0.751718
rs141042940	['chr22:50053299 ']	A=1.00000
rs5771136	['chr22:50053339 ']	G=0.89590
rs75986660	['chr22:50053413 ']	A=0.97687
rs187218943	['chr22:50053467 ']	G=1.00000
rs114472108	['chr22:50053505 ']	G=0.99787
rs7286615	['chr22:50053517 ']	G=0.88969
rs142498893	['chr22:50053528 ']	C=0.99513
rs73183351	['chr22:50053568 ']	G=0.95286
rs192093631	['chr22:50053684 ']	C=1.00000
rs6010161	['chr22:50053692 ']	G=0.774830
rs7290681	['chr22:50053806 ']	G=0.652122
rs185340378	['chr22:50053834 ']	T=0.99993
rs116552858	['chr22:50053881 ']	C=0.99445
rs150940324	['chr22:50053885 ']	C=0.99938
rs140772284	['chr22:50053910 ']	C=0.99681
rs189748994	['chr22:50053911 ']	G=0.99901
rs150125905	['chr22:50053916 ']	G=0.99958
rs145512693	['chr22:50053972 ']	C=0.97541
rs5771325	['chr22:50053977 ']	T=1.0000
rs5771326	['chr22:50053988 ']	A=0.59755
rs11703383	['chr22:50054014 ']	A=0.89480
rs138103688	['chr22:50054024 ']	G=0.99993
rs116079464	['chr22:50054116 ']	G=0.99695
rs142693715	['chr22:50054129 ']	N/A
rs143231366	['chr22:50054233 ']	C=0.99964
rs116347178	['chr22:50054234 ']	C=1.00000
rs114821688	['chr22:50054493 ']	C=0.99714
rs12166717	['chr22:50054523 ']	A=0.88082
rs12166094	['chr22:50054541 ']	C=0.88152
rs181343476	['chr22:50054575 ']	C=0.99962
rs150838871	['chr22:50054579 ']	G=0.99672
rs17013085	['chr22:50054633 ']	T=0.87052
rs74984208	['chr22:50054645 ']	C=0.98207
rs139989776	['chr22:50054752 ']	C=0.99993
rs143958334	['chr22:50054808 ']	A=0.99695
rs56330886	['chr22:50054998 ']	T=0.95835
rs5771327	['chr22:50055043 ']	A=0.63214
rs184302432	['chr22:50055116 ']	G=1.00000
rs149862579	['chr22:50055129 ']	G=0.99861
rs143870863	['chr22:50055142 ']	G=0.99989
rs76127602	['chr22:50055209 ']	C=0.99253
rs188314775	['chr22:50055264 ']	T=0.99724
rs148598797	['chr22:50055616 ']	T=0.98882
rs181769847	['chr22:50055632 ']	N/A
rs114757004	['chr22:50055828 ']	G=0.99533
rs137917	['chr22:50056102 ']	A=0.99285
rs140301819	['chr22:50056181 ']	T=0.98994
rs144086694	['chr22:50056202 ']	A=0.99653
rs76572739	['chr22:50056254 ']	C=0.97410
rs191196963	['chr22:50056267 ']	C=0.99903
rs181546533	['chr22:50056417 ']	C=0.99993
rs75976112	['chr22:50056543 ']	G=0.99325
rs140879273	['chr22:50056571 ']	G=0.99882
rs186892662	['chr22:50056659 ']	C=0.99660
rs113045792	['chr22:50056689 ']	C=0.99920
rs183073113	['chr22:50056695 ']	C=0.99979
rs112846911	['chr22:50056733 ']	G=0.99952
rs138646088	['chr22:50056825 ']	A=0.99940
rs148918747	['chr22:50056894 ']	T=0.99799
rs187721673	['chr22:50056909 ']	C=1.00000
rs73429542	['chr22:50056946 ']	G=0.99958
rs114256716	['chr22:50057076 ']	G=0.99695
rs79998483	['chr22:50057227 ']	G=0.87847
rs182360266	['chr22:50057350 ']	G=0.99941
rs114038090	['chr22:50057376 ']	A=1.0000
rs73183361	['chr22:50057527 ']	C=0.92707
rs111859624	['chr22:50057540 ']	G=1.0000
rs35097030	['chr22:50057598 ']	T=1.0000
rs112763442	['chr22:50057611 ']	G=1.0000
rs73183363	['chr22:50057750 ']	T=0.82161
rs192608133	['chr22:50057823 ']	G=1.00000
rs150893080	['chr22:50058100 ']	C=0.99370
rs139417878	['chr22:50058481 ']	G=0.93636
rs185156533	['chr22:50058536 ']	G=0.99300
rs114261697	['chr22:50058622 ']	G=0.97663
rs137918	['chr22:50058798 ']	T=0.00000
rs149658624	['chr22:50058809 ']	C=0.99907
rs2294376	['chr22:50058932 ']	G=0.8592
rs2294377	['chr22:50058990 ']	G=0.898874
rs2294378	['chr22:50059129 ']	G=0.99561
rs2294379	['chr22:50059174 ']	C=0.40879
rs2294380	['chr22:50059216 ']	T=0.98862
rs146191779	['chr22:50059220 ']	C=1.00000
rs2294381	['chr22:50059265 ']	A=0.89879
rs79204578	['chr22:50059331 ']	C=0.97586
rs41283487	['chr22:50059620 ']	G=0.98545
rs192828772	['chr22:50059621 ']	C=0.99993
rs184777995	['chr22:50059659 ']	A=1.00000
rs11703598	['chr22:50059747 ']	C=0.87933
rs80312581	['chr22:50059810 ']	C=0.99538
rs41283489	['chr22:50059819 ']	C=0.85139
rs188855026	['chr22:50059894 ']	A=0.99836
rs35730155	['chr22:50059960 ']	C=0.91958
rs144067372	['chr22:50060084 ']	G=0.99888
rs3215477	[]	N/A
rs2294382	['chr22:50060249 ']	C=0.98838
rs149073568	['chr22:50060262 ']	T=0.99558
rs142171547	['chr22:50060335 ']	C=0.99979
rs2294384	['chr22:50060440 ']	G=0.98438
rs180844259	['chr22:50060441 ']	G=1.00000
rs151213319	['chr22:50060454 ']	N/A
rs9628320	['chr22:50060456 ']	G=0.74125
rs183917452	['chr22:50060533 ']	G=1.00000
rs11704648	['chr22:50060592 ']	A=0.91069
rs117474715	['chr22:50060613 ']	C=0.99384
rs189382860	['chr22:50060630 ']	G=0.99993
rs41283491	['chr22:50060646 ']	G=0.94527
rs182210602	['chr22:50060708 ']	C=0.99979
rs41283492	['chr22:50060723 ']	T=0.99874
rs147031924	['chr22:50060735 ']	T=0.89648
rs186840663	['chr22:50060736 ']	G=0.90204
rs41283493	['chr22:50060740 ']	G=0.90187
rs190027926	['chr22:50060786 ']	T=0.95842
rs181107844	['chr22:50060791 ']	G=0.96493
rs185467535	['chr22:50060796 ']	G=0.99979
rs4838880	['chr22:50060810 ']	C=0.85675
rs146467492	['chr22:50060910 ']	C=0.99900
rs139148001	['chr22:50060923 ']	G=0.99799
rs116535312	['chr22:50061050 ']	A=0.99957
rs11913258	['chr22:50061069 ']	C=0.99688
rs11912804	['chr22:50061094 ']	G=0.99792
rs114598884	['chr22:50061152 ']	G=0.99945
rs12484303	['chr22:50061169 ']	G=0.99327
rs115770001	['chr22:50061244 ']	G=0.99592
rs182158300	['chr22:50061298 ']	G=1.00000
rs148160537	['chr22:50061368 ']	G=0.99616
rs75931219	['chr22:50061513 ']	G=0.99898
rs41283496	['chr22:50061528 ']	G=0.97268
rs137919	['chr22:50061535 ']	T=0.718010
rs185151842	['chr22:50061536 ']	G=1.00000
rs2072873	['chr22:50061538 ']	T=0.85611
rs78563213	['chr22:50061564 ']	C=1.00000
rs142027672	['chr22:50061571 ']	C=0.99924
rs75152548	['chr22:50061834 ']	T=0.87489
rs190746868	['chr22:50061868 ']	C=1.00000
rs183916737	['chr22:50061946 ']	G=1.00000
rs116623636	['chr22:50062046 ']	G=0.99307
rs142355967	['chr22:50062098 ']	T=0.87354
rs139523825	['chr22:50062125 ']	C=0.89555
rs113262072	['chr22:50062171 ']	A=0.87237
rs188469019	['chr22:50062172 ']	C=0.99191
rs144177767	['chr22:50062207 ']	G=0.93340
rs13058507	['chr22:50062208 ']	T=0.22838
rs2281113	['chr22:50062279 ']	C=0.91131
rs192893596	['chr22:50062307 ']	G=0.99975
rs147642112	['chr22:50062369 ']	G=1.00000
rs117478707	['chr22:50062592 ']	G=0.99873
rs137920	['chr22:50062630 ']	A=0.48987
rs183818287	['chr22:50062644 ']	G=0.99903
rs142319685	['chr22:50062698 ']	T=0.99964
rs73183369	['chr22:50062708 ']	A=0.86914
rs76081731	['chr22:50062791 ']	C=0.98629
rs112168318	['chr22:50062805 ']	G=0.99537
rs151266384	['chr22:50062810 ']	C=1.00000
rs3817808	['chr22:50062852 ']	C=0.94503
rs187101924	['chr22:50062922 ']	G=0.99993
rs191870173	['chr22:50063021 ']	C=0.99993
rs140512231	['chr22:50063040 ']	A=0.99567
rs3817809	['chr22:50063056 ']	G=0.85972
rs3817810	['chr22:50063115 ']	A=0.88094
rs150452350	['chr22:50063127 ']	A=0.99972
rs3817811	['chr22:50063157 ']	C=0.87391
rs3817812	['chr22:50063201 ']	G=0.94510
rs137921	['chr22:50063256 ']	T=0.0973
rs113305264	['chr22:50063403 ']	G=0.99858
rs5771140	['chr22:50063405 ']	G=0.88129
rs3817814	['chr22:50063458 ']	C=0.88225
rs3817815	['chr22:50063459 ']	T=0.95702
rs5771336	['chr22:50063496 ']	G=0.88224
rs139020945	['chr22:50063511 ']	T=0.98850
rs73183370	['chr22:50063528 ']	G=0.83353
rs111834984	['chr22:50063706 ']	T=0.87119
rs185572307	['chr22:50063730 ']	T=0.99992
rs4600768	['chr22:50063786 ']	A=1.00
rs115774984	['chr22:50063816 ']	C=0.91721
rs12484051	['chr22:50063836 ']	G=0.50262
rs12483792	['chr22:50063856 ']	T=0.50287
rs114466453	['chr22:50063904 ']	G=1.0000
rs11568190	['chr22:50064040 ']	A=0.99207
rs11568188	['chr22:50064062 ']	T=0.863262
rs11568187	['chr22:50064097 ']	A=0.87886
rs11568186	['chr22:50064115 ']	G=0.87603
rs141225099	['chr22:50064161 ']	A=0.99803
rs11568185	['chr22:50064207 ']	G=0.87793
rs11568184	['chr22:50064221 ']	G=0.87854
rs11568183	['chr22:50064337 ']	C=0.73083
rs150770587	['chr22:50064379 ']	G=0.99547
rs139121589	['chr22:50064383 ']	T=0.99549
rs8142282	['chr22:50064457 ']	C=0.45441
rs8136173	['chr22:50064459 ']	T=0.90065
rs61350648	['chr22:50064464 ']	A=0.99939
rs145244403	['chr22:50064492 ']	C=0.99549
rs78212605	['chr22:50064570 ']	C=0.99159
rs117303831	['chr22:50064571 ']	G=0.98830
rs190829941	['chr22:50064622 ']	G=0.99563
rs181700711	['chr22:50064634 ']	G=0.99913
rs55744003	['chr22:50064884-50064888 ']	AAAAA=0.71598
rs8137998	['chr22:50064907 ']	C=0.82618
rs5771141	['chr22:50064930 ']	A=0.88015
rs186009726	['chr22:50064946 ']	C=0.99936
rs188426056	['chr22:50065028 ']	G=1.00000
rs58697581	['chr22:50065212 ']	C=0.95125
rs181242625	['chr22:50065214 ']	C=1.00000
rs114814021	['chr22:50065215 ']	G=0.99605
rs147631558	['chr22:50065403 ']	T=0.99185
rs12160101	['chr22:50065411 ']	C=0.88082
rs140629864	['chr22:50065477 ']	C=0.99806
rs184910866	['chr22:50065545 ']	C=0.99993
rs190788413	['chr22:50065553 ']	N/A
rs183029035	['chr22:50065556 ']	N/A
rs9617140	['chr22:50065635 ']	A=0.85648
rs6010254	['chr22:50065650 ']	C=0.88084
rs187150419	['chr22:50065691 ']	G=0.99989
rs7285509	['chr22:50065725 ']	T=0.99300
rs116327480	['chr22:50065768 ']	G=0.99834
rs144593928	['chr22:50065866 ']	C=0.99945
rs73183374	['chr22:50065881 ']	C=0.87394
rs192438679	['chr22:50065882 ']	G=1.00000
rs183336387	['chr22:50065906 ']	C=0.99993
rs187593667	['chr22:50065932 ']	A=0.99945
rs117616637	['chr22:50065941 ']	T=0.98155
rs2294385	['chr22:50066017 ']	A=0.090342
rs5771340	['chr22:50066058 ']	T=0.88073
rs3830745	['chr22:50066079-50066080 ']	CC=0.88083
rs191665443	['chr22:50066151 ']	G=0.99802
rs5771341	['chr22:50066208 ']	G=0.89005
rs2294386	['chr22:50066257 ']	G=0.90259
rs8139747	['chr22:50066274 ']	G=0.98205
rs2294387	['chr22:50066308 ']	G=0.88089
rs2294388	['chr22:50066312 ']	A=0.88105
rs2294389	['chr22:50066352 ']	A=0.88105
rs2294390	['chr22:50066375 ']	T=0.88081
rs5771346	['chr22:50066478 ']	A=0.88073
rs182714936	['chr22:50066520 ']	N/A
rs1807561	['chr22:50066524 ']	T=0.07840
rs145117849	['chr22:50066553 ']	C=0.99943
rs186620889	['chr22:50066554 ']	G=0.99979
rs6010255	['chr22:50066704 ']	C=0.83304
rs192314819	['chr22:50066801 ']	C=0.99979
rs35871037	['chr22:50066861-50066865 ']	AAAAA=0.85615
rs9617142	['chr22:50066892 ']	G=0.95048
rs139001425	['chr22:50067078 ']	G=0.99556
rs140733497	['chr22:50067117 ']	G=0.99986
rs184653637	['chr22:50067121 ']	A=1.00000
rs5771348	['chr22:50067155 ']	A=0.94502
rs76845415	['chr22:50067207 ']	G=0.99792
rs77481293	['chr22:50067213 ']	T=0.99834
rs190335186	['chr22:50067246 ']	G=0.99587
rs150085017	['chr22:50067390 ']	A=1.0000
rs193284304	['chr22:50067427 ']	C=0.99951
rs138414347	['chr22:50067430 ']	T=0.85364
rs184210431	['chr22:50067454 ']	G=0.98704
rs188964343	['chr22:50067497 ']	C=1.00000
rs75450062	['chr22:50067525 ']	G=0.95265
rs183973008	['chr22:50067678 ']	T=0.99528
rs113833242	['chr22:50067806 ']	A=0.87563
rs190000243	['chr22:50067818 ']	T=0.99983
rs180802101	['chr22:50067846 ']	C=1.00000
rs35110809	['chr22:50067956 ']	A=0.82103
rs73183380	['chr22:50068011 ']	C=0.71626
rs138025442	['chr22:50068032 ']	G=0.99950
rs5771142	['chr22:50068234 ']	G=0.88722
rs2076127	['chr22:50068239 ']	C=0.81329
rs11568181	['chr22:50068305 ']	G=0.99418
rs5771349	['chr22:50068381 ']	A=0.88093
rs73893124	['chr22:50068589 ']	C=0.99421
rs11568179	['chr22:50068590 ']	G=0.91972
rs75474964	['chr22:50068635 ']	G=0.95319
rs111258391	['chr22:50068665 ']	T=0.88078
rs186195606	['chr22:50068756 ']	C=0.99764
rs191868824	['chr22:50068872 ']	G=0.99651
rs7511496	['chr22:50068918 ']	T=0.88121
rs7510819	['chr22:50068929 ']	G=0.95383
rs7511240	['chr22:50068978 ']	C=0.94521
rs4292181	['chr22:50069098 ']	A=0.88045
rs139229833	['chr22:50069169 ']	G=0.99951
rs149986667	['chr22:50069211 ']	T=0.95467
rs4311156	['chr22:50069310 ']	G=0.95337
rs73183381	['chr22:50069357 ']	C=0.88073
rs73183383	['chr22:50069372 ']	A=0.95326
rs145229513	['chr22:50069410 ']	C=0.99029
rs141310305	['chr22:50069420 ']	G=0.99938
rs181969448	['chr22:50069443 ']	G=1.00000
rs113397439	['chr22:50069487 ']	G=0.88062
rs185937171	['chr22:50069569 ']	C=0.99993
rs143778137	['chr22:50069607 ']	C=0.99598
rs5771143	['chr22:50069710 ']	C=0.87908
rs5771144	['chr22:50069763 ']	C=0.91524
rs146858469	['chr22:50069776 ']	G=0.99438
rs190652398	['chr22:50069900 ']	G=0.99965
rs5771145	['chr22:50069902 ']	T=0.88077
rs5771351	['chr22:50069920 ']	G=0.88073
rs5771352	['chr22:50069999 ']	C=0.95311
rs143792577	['chr22:50070066 ']	G=0.99668
rs112798629	['chr22:50070074 ']	C=0.95146
rs183200517	['chr22:50070139 ']	T=0.99591
rs2076128	['chr22:50070157 ']	G=0.88068
rs2076129	['chr22:50070243 ']	A=0.89974
rs2076130	['chr22:50070273 ']	A=0.87999
rs150302141	['chr22:50070291 ']	C=1.00000
rs2076131	['chr22:50070292 ']	G=0.90111
rs73893125	['chr22:50070321 ']	G=0.94607
rs2076132	['chr22:50070352 ']	A=0.88046
rs2076133	['chr22:50070367 ']	A=0.88673
rs35480507	['chr22:50070369 ']	C=0.90365
rs116892654	['chr22:50070409 ']	C=0.98841
rs137987114	['chr22:50070421 ']	G=1.00000
rs2076134	['chr22:50070466 ']	A=0.88047
rs2076135	['chr22:50070468 ']	G=0.97139
rs143558056	['chr22:50070661 ']	G=1.00000
rs2076136	['chr22:50070767 ']	G=0.850557
rs78868798	['chr22:50070983 ']	G=0.99952
rs138875792	['chr22:50071009 ']	C=0.99889
rs149299088	['chr22:50071021 ']	C=1.00000
rs182496971	['chr22:50071189 ']	N/A
rs137922	['chr22:50071246 ']	T=0.08124
rs148485925	['chr22:50071259 ']	T=1.00000
rs55744828	['chr22:50071323 ']	C=0.94972
rs187965558	['chr22:50071377 ']	C=1.00000
rs193015584	['chr22:50071434 ']	A=0.99924
rs2294391	['chr22:50071488 ']	C=0.86066
rs9680781	['chr22:50071489 ']	G=0.97739
rs2294392	['chr22:50071548 ']	A=0.86321
rs2294393	['chr22:50071586 ']	C=0.86047
rs137923	['chr22:50071590 ']	T=0.0770
rs184712343	['chr22:50071591 ']	G=1.00000
rs140070162	['chr22:50071603 ']	G=0.99938
rs187933409	['chr22:50071733 ']	C=0.99945
rs143744887	['chr22:50071738 ']	A=0.99924
rs192049311	['chr22:50071764 ']	N/A
rs77926752	['chr22:50071781 ']	C=0.99785
rs2294394	['chr22:50071829 ']	T=0.251652
rs146816468	['chr22:50071949 ']	G=0.99390
rs184453482	['chr22:50072091 ']	N/A
rs730215	['chr22:50072104 ']	A=0.86173
rs117165126	['chr22:50072376 ']	C=0.96632
rs9617059	['chr22:50072420 ']	T=0.91891
rs189481269	['chr22:50072428 ']	C=0.99936
rs11101959	['chr22:50072496 ']	G=0.94190
rs8138590	['chr22:50072534 ']	C=0.99771
rs181477315	['chr22:50072564 ']	G=1.00000
rs184168170	['chr22:50072582 ']	G=0.99993
rs189495397	['chr22:50072712 ']	T=0.99979
rs73183392	['chr22:50072799 ']	T=0.97078
rs7285511	['chr22:50072945 ']	T=0.85970
rs5771358	['chr22:50072973 ']	A=0.39095
rs2235348	['chr22:50073046 ']	C=0.99162
rs7285675	['chr22:50073048 ']	T=0.87459
rs150039865	['chr22:50073085 ']	C=0.99244
rs6010256	['chr22:50073109 ']	C=0.97490
rs73893126	['chr22:50073275 ']	A=0.95985
rs5771359	['chr22:50073317 ']	C=0.89622
rs181775651	['chr22:50073318 ']	C=0.99993
rs79770795	['chr22:50073358 ']	G=0.99972
rs186432615	['chr22:50073368 ']	C=0.99995
rs116843943	['chr22:50073378 ']	C=0.99561
rs73183393	['chr22:50073390 ']	G=0.96268
rs191201067	['chr22:50073529 ']	N/A
rs6010257	['chr22:50073559 ']	G=0.5327
rs149225277	['chr22:50073683 ']	G=0.98830
rs9617144	['chr22:50073687 ']	T=0.92696
rs7290280	['chr22:50073906 ']	A=0.99355
rs181550951	['chr22:50073928 ']	A=1.00000
rs187096547	['chr22:50074065 ']	C=1.00000
rs2272832	['chr22:50074085 ']	T=0.5267
rs191079330	['chr22:50074116 ']	N/A
rs2038048	['chr22:50074188 ']	C=0.58939
rs41302601	['chr22:50074276 ']	G=0.995682
rs147572634	['chr22:50074329 ']	C=0.999923
rs142062713	['chr22:50074646 ']	N/A
rs145824578	['chr22:50074762 ']	G=0.99880
rs138735328	['chr22:50074787 ']	C=0.99972
rs35691975	[]	N/A
rs187431380	['chr22:50074887 ']	N/A
rs5771362	['chr22:50074976 ']	A=0.73185
rs76093749	['chr22:50075106 ']	C=0.99524
rs6010258	['chr22:50075202 ']	C=0.9484
rs189693696	['chr22:50075283 ']	A=1.00000
rs5771150	['chr22:50075285 ']	T=0.34171
rs182330722	['chr22:50075349 ']	G=1.00000
rs9617060	['chr22:50075355 ']	G=0.93071
rs6010259	['chr22:50075442 ']	C=0.70937
rs187699440	['chr22:50075538 ']	G=0.99979
rs10696011	[]	N/A
rs150355816	['chr22:50075947 ']	G=1.00000
rs58026340	['chr22:50075969 ']	C=0.99984
rs192614989	['chr22:50076024 ']	G=0.99889
rs9617145	['chr22:50076032 ']	T=0.853925
rs185057413	['chr22:50076076 ']	C=0.99903
rs72571103	[]	N/A
rs75982207	['chr22:50076226 ']	A=0.99764
rs111816898	['chr22:50076283 ']	G=0.90175
rs9628280	['chr22:50076470 ']	A=0.38270
rs9628322	['chr22:50076577 ']	G=0.98218
rs77008044	['chr22:50076621 ']	C=1.00000
rs188721563	['chr22:50076653 ']	G=0.99993
rs192560281	['chr22:50076696 ']	N/A
rs76282126	['chr22:50076753 ']	A=0.99290
rs184899868	['chr22:50076756 ']	C=1.00000
rs189785025	['chr22:50076757 ']	G=1.00000
rs139999640	['chr22:50076761 ']	T=0.99929
rs191396436	['chr22:50076784 ']	C=1.00000
rs58496403	['chr22:50076807 ']	T=0.96409
rs6010164	['chr22:50076841 ']	T=0.881213
rs6010165	['chr22:50076844 ']	G=0.880596
rs141964804	['chr22:50076901 ']	A=0.99992
rs4838882	['chr22:50077030 ']	G=0.08646
rs183926683	['chr22:50077090 ']	A=1.00000
rs146322059	['chr22:50077207 ']	C=0.99897
rs189389154	['chr22:50077208 ']	G=0.99702
rs6010166	['chr22:50077248 ']	C=0.82189
rs2076137	['chr22:50077337 ']	C=0.85161
rs2072874	['chr22:50077379 ']	C=0.85027
rs6010260	['chr22:50077414 ']	C=0.88706
rs8140595	['chr22:50077611 ']	C=0.99085
rs142911695	['chr22:50077681 ']	G=0.99529
rs137926	['chr22:50077766 ']	T=0.834052
rs151098860	['chr22:50077880 ']	G=0.99239
rs79629611	['chr22:50077939 ']	G=0.98557
rs145423455	['chr22:50078178 ']	G=0.97099
rs111346078	['chr22:50078226 ']	G=0.98211
rs181995608	['chr22:50078281 ']	G=0.99951
rs186619155	['chr22:50078286 ']	C=0.99827
rs190241052	['chr22:50078477 ']	G=0.99827
rs181892989	['chr22:50078488 ']	C=0.99702
rs186481365	['chr22:50078491 ']	C=0.99993
rs190235520	['chr22:50078542 ']	C=1.00000
rs182124182	['chr22:50078608 ']	G=0.99924
rs185161194	['chr22:50078632 ']	G=1.00000
rs190756753	['chr22:50078670 ']	C=0.99988
rs184090620	['chr22:50078802 ']	G=1.00000
rs188189602	['chr22:50078871 ']	T=1.00000
rs4838816	['chr22:50078900 ']	G=0.854261
rs76250491	['chr22:50079009 ']	C=0.99605
rs193152394	['chr22:50079049 ']	C=0.99788
rs183623885	['chr22:50079052 ']	G=1.00000
rs187076798	['chr22:50079182 ']	G=0.99915
rs141921576	['chr22:50079252 ']	C=0.98259
rs191885385	['chr22:50079263 ']	G=1.00000
rs183653205	['chr22:50079312 ']	C=1.00000
rs8139713	['chr22:50079313 ']	A=0.85146
rs8137999	['chr22:50079348 ']	C=0.72046
rs145785670	['chr22:50079372 ']	T=0.99972
rs188359569	['chr22:50079408 ']	C=1.00000
rs147791251	['chr22:50079411 ']	T=1.00000
rs75473585	['chr22:50079767 ']	T=0.99459
rs11568176	['chr22:50079797 ']	A=0.92769
rs2235349	['chr22:50079810 ']	T=0.77673
rs192394296	['chr22:50079871 ']	T=0.99996
rs143544145	['chr22:50079891 ']	G=1.00000
rs148045256	['chr22:50079896 ']	C=0.99996
rs141735769	['chr22:50080222 ']	G=0.99632
rs116571264	['chr22:50080266 ']	A=0.99695
rs79301	['chr22:50080294 ']	A=0.06995
rs11568172	['chr22:50080386 ']	C=0.993016
rs144839065	['chr22:50080543 ']	G=1.00000
rs138766580	['chr22:50080749 ']	A=0.99397
rs2281114	['chr22:50080903 ']	G=0.96231
rs141924887	['chr22:50080956 ']	G=1.00000
rs146310975	['chr22:50080982 ']	G=0.99577
rs185659429	['chr22:50081136 ']	T=1.00000
rs9617146	['chr22:50081151 ']	C=0.78320
rs190581802	['chr22:50081161 ']	G=0.99979
rs181752946	['chr22:50081167 ']	C=0.99962
rs144335640	['chr22:50081203 ']	C=0.99993
rs186921363	['chr22:50081211 ']	C=0.96846
rs137927	['chr22:50081215 ']	T=0.5601
rs188415911	['chr22:50081287 ']	G=1.00000
rs144833826	['chr22:50081338 ']	G=0.99501
rs181269632	['chr22:50081444 ']	C=1.00000
rs117693007	['chr22:50081549 ']	G=0.98899
rs147947836	['chr22:50081553 ']	C=0.98168
rs116939928	['chr22:50081610 ']	C=0.98883
rs116712832	['chr22:50081703 ']	G=0.96221
rs13053780	['chr22:50081762 ']	G=0.78200
rs140213963	['chr22:50081955 ']	G=0.97962
rs184892785	['chr22:50081967 ']	C=1.00000
rs12484523	['chr22:50082044 ']	C=0.88987
rs144182304	['chr22:50082139 ']	G=0.99237
rs75992444	['chr22:50082157 ']	C=0.99846
rs117919971	['chr22:50082163 ']	G=0.99989
rs182726706	['chr22:50082205 ']	C=0.98578
rs12484231	['chr22:50082207 ']	G=0.80492
rs12484543	['chr22:50082208 ']	C=0.80450
rs117218489	['chr22:50082236 ']	G=0.80147
rs187372079	['chr22:50082247 ']	G=0.99637
rs192048821	['chr22:50082249 ']	G=0.99828
rs183592775	['chr22:50082267 ']	C=1.00000
rs187554742	['chr22:50082270 ']	T=1.00000
rs137928	['chr22:50082409 ']	C=0.49207
rs2235350	['chr22:50082450 ']	A=0.78968
rs2235351	['chr22:50082467 ']	G=0.92938
rs8135837	['chr22:50082514 ']	C=0.99716
rs2235352	['chr22:50082701 ']	A=0.78258
rs2235353	['chr22:50082728 ']	A=0.78979
rs191674214	['chr22:50082920 ']	C=0.99986
rs182679006	['chr22:50082973 ']	G=0.99947
rs78365284	['chr22:50083135 ']	C=0.99840
rs144951333	['chr22:50083305 ']	A=0.99401
rs9617062	['chr22:50083346 ']	C=0.89027
rs9617147	['chr22:50083352 ']	C=0.78295
rs187329011	['chr22:50083579 ']	C=0.99993
rs13054047	['chr22:50083646 ']	C=0.94558
rs9617063	['chr22:50083707 ']	T=0.78269
rs11913905	['chr22:50083724 ']	G=0.85225
rs192713453	['chr22:50083733 ']	C=0.99993
rs149075999	['chr22:50083741 ']	C=0.99840
rs137929	['chr22:50083886 ']	T=0.35499
rs115902775	['chr22:50084032 ']	G=0.99341
rs5771366	['chr22:50084037 ']	C=0.85747
rs144796314	['chr22:50084047 ']	N/A
rs73185306	['chr22:50084095 ']	C=0.96923
rs75672532	['chr22:50084100 ']	C=0.99964
rs73185307	['chr22:50084248 ']	G=0.98471
rs75694705	['chr22:50084273 ']	C=0.98405
rs184470257	['chr22:50084356 ']	C=1.00000
rs188997977	['chr22:50084375 ']	G=0.99919
rs117090329	['chr22:50084501 ']	A=0.92774
rs55751312	['chr22:50084649 ']	C=0.97189
rs145633396	['chr22:50084672 ']	C=0.99993
rs148099137	['chr22:50084711 ']	T=0.99945
rs193115579	['chr22:50084809 ']	C=0.99996
rs184241759	['chr22:50084838 ']	C=0.999859
rs141840641	['chr22:50084975 ']	A=0.99972
rs9628323	['chr22:50084978 ']	A=0.96275
rs11568171	['chr22:50084988 ']	G=0.96065
rs137930	['chr22:50085004 ']	T=0.72315
rs188951550	['chr22:50085118 ']	A=0.99936
rs150630892	['chr22:50085241 ']	G=0.99586
rs28362607	['chr22:50085316 ']	A=0.98912
rs181055975	['chr22:50085373 ']	G=0.99986
rs138821422	['chr22:50085394 ']	G=0.99964
rs2076126	['chr22:50085451 ']	G=0.990948
rs143181896	['chr22:50085673 ']	T=1.00000
rs117812810	['chr22:50085762 ']	C=0.99746
rs11447701	[]	N/A
rs4838883	['chr22:50085856 ']	C=0.85868
rs183951294	['chr22:50085874 ']	N/A
rs137932	['chr22:50085971 ']	A=0.3393
rs114191900	['chr22:50085998 ']	T=0.99993
rs114997341	['chr22:50086247 ']	C=0.99348
rs147517725	['chr22:50086262 ']	C=0.99993
rs188726703	['chr22:50086265 ']	A=1.00000
rs140175863	['chr22:50086457 ']	A=0.99896
rs137933	['chr22:50086638 ']	C=0.27920
rs117238851	['chr22:50086647 ']	N/A
rs4838817	['chr22:50086695 ']	C=0.85400
rs180796846	['chr22:50086981 ']	G=0.99847
rs186083948	['chr22:50087043 ']	G=1.00000
rs145708025	['chr22:50087057 ']	G=0.99993
rs192139914	['chr22:50087062 ']	A=0.99993
rs137934	['chr22:50087094 ']	T=0.28306
rs137935	['chr22:50087122 ']	G=0.28274
rs144441163	['chr22:50087156 ']	T=0.99900
rs148391737	['chr22:50087164 ']	C=1.00000
rs182198871	['chr22:50087246 ']	T=0.99986
rs75563449	['chr22:50087383 ']	T=0.99993
rs185898315	['chr22:50087480 ']	G=1.00000
rs190612624	['chr22:50087484 ']	G=1.00000
rs137936	['chr22:50087515 ']	T=0.39226
rs4838819	['chr22:50087528 ']	C=0.78855
rs183206357	['chr22:50087591 ']	C=0.99993
rs187091047	['chr22:50087683 ']	N/A
rs191327730	['chr22:50088299 ']	C=0.99984
rs182679440	['chr22:50088310 ']	G=0.99993
rs6010167	['chr22:50088312 ']	A=0.70328
rs187671614	['chr22:50088364 ']	C=0.99993
rs193207640	['chr22:50088368 ']	C=0.99986
rs137937	['chr22:50088411 ']	T=0.00135
rs184740151	['chr22:50088486 ']	A=0.99896
rs140931686	['chr22:50088589 ']	G=0.99975
rs9617064	['chr22:50088618 ']	A=0.85734
rs143359140	['chr22:50088668 ']	C=1.00000
rs112542652	['chr22:50088814 ']	A=0.96453
rs113944036	['chr22:50088999 ']	T=0.99852
rs9617017	['chr22:50089045 ']	A=0.87624
rs145509013	['chr22:50089183 ']	T=0.99938
rs138093647	['chr22:50089242 ']	T=1.00000
rs41283475	['chr22:50089311 ']	A=0.83201
rs149129461	['chr22:50089379 ']	C=1.00000
rs4838820	['chr22:50089389 ']	G=0.762585
rs143249576	['chr22:50089627 ']	T=0.99816
rs13057656	['chr22:50089703 ']	A=0.77697
rs192080243	['chr22:50089779 ']	G=0.99556
rs148319283	['chr22:50089785 ']	G=0.99608
rs13054513	['chr22:50089826 ']	C=0.78031
rs143148305	['chr22:50089863 ']	G=0.98553
rs147508608	['chr22:50089864 ']	C=0.96464
rs138510226	['chr22:50089872 ']	G=0.99916
rs143998223	['chr22:50089933 ']	C=0.96946
rs184432243	['chr22:50089964 ']	C=0.98183
rs189779293	['chr22:50090061 ']	T=1.00000
rs13058235	['chr22:50090068 ']	A=0.82599
rs12628964	['chr22:50090140 ']	A=0.76466
rs117477158	['chr22:50090194 ']	C=0.92942
rs114175998	['chr22:50090258 ']	A=0.99844
rs181326638	['chr22:50090404 ']	C=1.00000
rs140007445	['chr22:50090405 ']	C=0.99926
rs184330045	['chr22:50090451 ']	C=0.99986
rs9617018	['chr22:50090487 ']	C=0.85768
rs149871903	['chr22:50090545 ']	C=0.99996
rs143891230	['chr22:50090548 ']	A=0.99991
rs13054036	['chr22:50090643 ']	G=0.98998
rs189175415	['chr22:50090650 ']	C=0.99922
rs75961653	['chr22:50090690 ']	G=1.00000
rs8142824	['chr22:50090705 ']	T=0.77983
rs8140485	['chr22:50090717 ']	C=0.77935
rs8140486	['chr22:50090719 ']	C=0.87659
rs182218589	['chr22:50090741 ']	A=0.99882
rs186438942	['chr22:50090860 ']	C=0.99889
rs191157522	['chr22:50090983 ']	A=0.99964
rs74706100	['chr22:50091012 ']	T=0.98128
rs8139235	['chr22:50091033 ']	A=0.77888
rs151002939	['chr22:50091039 ']	G=1.00000
rs140898984	['chr22:50091053 ']	C=1.00000
rs181551636	['chr22:50091238 ']	C=1.00000
rs56144269	['chr22:50091421 ']	T=0.84075
rs186161365	['chr22:50091445 ']	N/A
rs115230373	['chr22:50091460 ']	A=0.99958
rs150189156	['chr22:50091478 ']	T=0.99609
rs9617065	['chr22:50091555 ']	G=0.88733
rs113730619	['chr22:50091840 ']	C=0.99868
rs183015893	['chr22:50091857 ']	C=1.00000
rs187715585	['chr22:50091873 ']	C=0.99993
rs190743847	['chr22:50091952 ']	G=0.99828
rs141646058	['chr22:50091960 ']	G=1.00000
rs9617066	['chr22:50092072 ']	A=0.77280
rs182351705	['chr22:50092135 ']	A=1.00000
rs187674065	['chr22:50092137 ']	N/A
rs738490	['chr22:50092222 ']	G=0.85226
rs147050565	['chr22:50092228 ']	G=0.99292
rs9617067	['chr22:50092434 ']	C=0.78520
rs79392949	['chr22:50092496 ']	G=0.95028
rs77874553	['chr22:50092768 ']	T=0.99799
rs6010168	['chr22:50092775 ']	A=0.504361
rs9617068	['chr22:50092824 ']	A=0.78615
rs116326556	['chr22:50092862 ']	A=0.99944
rs138404943	['chr22:50092895 ']	C=0.99952
rs115761198	['chr22:50092901 ']	G=0.99423
rs192636477	['chr22:50092959 ']	G=0.99924
rs6010136	['chr22:50093136 ']	C=0.92925
rs62241082	['chr22:50093142 ']	C=0.98220
rs148371877	['chr22:50093197 ']	G=0.99972
rs182757380	['chr22:50093276 ']	N/A
rs117681523	['chr22:50093288 ']	G=0.99987
rs9617019	['chr22:50093572 ']	G=0.88823
rs188452957	['chr22:50093632 ']	C=1.00000
rs713807	['chr22:50093854 ']	G=0.77877
rs141597425	['chr22:50093856 ']	G=0.99986
rs192815489	['chr22:50093914 ']	G=1.00000
rs150508521	['chr22:50093916 ']	G=0.99944
rs184794945	['chr22:50094047 ']	T=0.99979
rs74849845	['chr22:50094122 ']	T=0.92890
rs713809	['chr22:50094169 ']	C=0.77893
rs139787708	['chr22:50094292 ']	A=1.00000
rs8138886	['chr22:50094353 ']	C=0.77920
rs117157149	['chr22:50094378 ']	T=0.99836
rs7288788	['chr22:50094551 ']	C=0.96406
rs4838821	['chr22:50094601 ']	G=0.77914
rs60512382	['chr22:50094616 ']	G=0.99882
rs9308230	['chr22:50094620 ']	C=0.80967
rs113748704	['chr22:50094647 ']	C=0.99861
rs4838822	['chr22:50094685 ']	A=0.77877
rs145022597	['chr22:50094845 ']	C=0.98894
rs111521002	['chr22:50094882 ']	A=0.99148
rs148688985	['chr22:50094952 ']	G=1.00000
rs9617020	['chr22:50094980 ']	C=0.77909
rs9628263	['chr22:50094993 ']	C=0.70164
rs111416767	['chr22:50095002 ']	G=0.99584
rs189336511	['chr22:50095119 ']	G=0.99951
rs9617021	['chr22:50095318 ']	G=0.77819
rs118128463	['chr22:50095331 ']	G=0.97936
rs115387762	['chr22:50095445 ']	C=0.99944
rs181991760	['chr22:50095538 ']	T=0.99993
rs186782583	['chr22:50095616 ']	T=0.99896
rs141504156	['chr22:50095665 ']	C=1.00000
rs147041528	['chr22:50095832 ']	A=0.99979
rs190027625	['chr22:50095850 ']	A=0.99993
rs147687262	['chr22:50095862 ']	T=0.99820
rs182146449	['chr22:50095961 ']	C=0.99984
rs186335524	['chr22:50096015 ']	G=0.99907
rs75628730	['chr22:50096111 ']	C=0.98981
rs191531817	['chr22:50096118 ']	A=1.00000
rs9617070	['chr22:50096153 ']	C=0.77824
rs150242190	['chr22:50096258 ']	G=0.99762
rs138916282	['chr22:50096364 ']	A=0.99995
rs143795611	['chr22:50096406 ']	G=0.99806
rs79671030	['chr22:50096445 ']	A=0.98999
rs4838823	['chr22:50096480 ']	T=0.82732
rs9628282	['chr22:50096523 ']	G=0.71541
rs138487187	['chr22:50096578 ']	T=0.99497
rs182145287	['chr22:50096727 ']	N/A
rs78500700	['chr22:50096794 ']	T=0.96691
rs4838824	['chr22:50096887 ']	A=0.87603
rs111778321	['chr22:50097005 ']	T=0.96451
rs185134861	['chr22:50097351 ']	C=1.00000
rs190775505	['chr22:50097360 ']	C=1.00000
rs4838800	['chr22:50097498 ']	T=0.77882
rs141501351	['chr22:50097603 ']	T=0.99619
rs73185329	['chr22:50097632 ']	G=0.70249
rs146191501	['chr22:50097699 ']	T=0.99924
rs78960991	['chr22:50097702 ']	G=0.99984
rs183239517	['chr22:50097819 ']	G=0.99614
rs9617022	['chr22:50097823 ']	C=0.88778
rs188490947	['chr22:50097919 ']	C=0.99979
rs139182895	['chr22:50097958 ']	C=0.99896
rs4838825	['chr22:50098117 ']	A=0.77861
rs68181572	[]	N/A
rs10627093	['chr22:50098272-50098273 ']	
rs4838826	['chr22:50098337 ']	T=0.31900
rs78755004	['chr22:50098432 ']	G=0.99951
rs139546346	['chr22:50098450 ']	N/A
rs149722336	['chr22:50098498 ']	T=0.98888
rs62241085	['chr22:50098561 ']	G=0.77877
rs147423260	['chr22:50098566 ']	C=0.99799
rs192878967	['chr22:50098574 ']	T=0.99915
rs139795262	['chr22:50098649 ']	A=1.00000
rs145339994	['chr22:50098729 ']	T=1.00000
rs183791127	['chr22:50098771 ']	G=1.00000
rs34534011	['chr22:50098806 ']	A=0.87586
rs187930409	[]	A=1.00000
rs74492663	['chr22:50098977 ']	A=0.97914
rs191842042	['chr22:50099039 ']	A=1.00000
rs116843756	['chr22:50099072 ']	T=0.99243
rs183689356	['chr22:50099092 ']	G=0.99889
rs149163936	['chr22:50099231 ']	C=0.99619
rs142301345	['chr22:50099237 ']	N/A
rs11703692	['chr22:50099253 ']	T=0.77888
rs151276464	['chr22:50099283 ']	G=0.99243
rs75791883	['chr22:50099317 ']	C=0.99535
rs188300304	['chr22:50099318 ']	G=0.99993
rs55710521	['chr22:50099323 ']	C=0.70249
rs192385090	['chr22:50099345 ']	C=1.00000
rs12169319	['chr22:50099472 ']	C=0.960567
rs185518372	['chr22:50099519 ']	N/A
rs190821816	['chr22:50099532 ']	G=1.00000
rs140532446	['chr22:50099551 ']	G=0.993041
rs9617023	['chr22:50099745 ']	G=0.78588
rs113446472	['chr22:50099762 ']	A=0.98420
rs4838827	['chr22:50099815 ']	T=0.88757
rs4838828	['chr22:50099836 ']	A=0.77877
rs116408971	['chr22:50099842 ']	A=0.99674
rs181646472	['chr22:50099895 ']	N/A
rs187107342	['chr22:50099914 ']	C=0.99958
rs188408030	['chr22:50099952 ']	G=0.99995
rs181261460	['chr22:50099968 ']	A=1.00000
rs71670155	['chr22:50099980-50100008 ']	TTTTTGTTTTTGTTTTTGTTTTTGTTTTT=0.92183
rs184886387	['chr22:50100165 ']	G=0.99938
rs115937229	['chr22:50100208 ']	G=0.99930
rs189739396	['chr22:50100227 ']	A=0.99993
rs183003477	['chr22:50100245 ']	G=0.99905
rs7410337	['chr22:50100252 ']	T=0.87566
rs138467391	['chr22:50100292 ']	C=0.99993
rs116291835	['chr22:50100504 ']	T=0.99660
rs141463299	['chr22:50100510 ']	T=0.99958
rs187120165	['chr22:50100577 ']	G=1.00000
rs145232140	['chr22:50100596 ']	C=0.97263
rs138208	['chr22:50100747 ']	T=0.43145
rs149459273	['chr22:50100800 ']	C=0.99853
rs192455912	['chr22:50100885 ']	G=0.99943
rs183305653	['chr22:50100929 ']	N/A
rs138209	['chr22:50100984 ']	T=0.46681
rs78373152	['chr22:50101085 ']	C=0.99577
rs188754562	['chr22:50101238 ']	C=0.99571
rs143921919	['chr22:50101286 ']	G=0.99813
rs190062549	['chr22:50101301 ']	C=1.00000
rs182715038	['chr22:50101531 ']	T=1.00000
rs148224916	['chr22:50101700 ']	C=0.98800
rs138210	['chr22:50101801 ']	T=0.71647
rs17247883	['chr22:50101920 ']	G=0.92645
rs141245042	['chr22:50101961 ']	C=1.00000
rs17836599	['chr22:50102026 ']	A=0.77845
rs187321269	['chr22:50102230 ']	C=1.00000
rs17836601	['chr22:50102245 ']	A=0.77845
rs9628283	['chr22:50102337 ']	T=0.95682
rs74932122	['chr22:50102348 ']	C=0.98964
rs191417449	['chr22:50102468 ']	T=0.99993
rs184588799	['chr22:50102482 ']	G=0.99973
rs188712041	['chr22:50102489 ']	G=0.99846
rs2056944	['chr22:50102522 ']	A=0.99903
rs185055423	['chr22:50102575 ']	N/A
rs138211	['chr22:50102833 ']	A=0.43170
rs11705005	['chr22:50102870 ']	C=0.97295
rs13056619	['chr22:50102987 ']	A=0.85380
rs147219578	['chr22:50103030 ']	C=0.99896
rs188941021	['chr22:50103047 ']	G=1.00000
rs139671050	['chr22:50103081 ']	G=0.99979
rs181049576	['chr22:50103195 ']	G=1.00000
rs149775681	['chr22:50103207 ']	G=1.00000
rs145746364	['chr22:50103403 ']	C=0.99993
rs4838829	['chr22:50103488 ']	T=0.77861
rs4838830	['chr22:50103693 ']	A=0.76399
rs183942657	['chr22:50103708 ']	C=0.99993
rs188718819	['chr22:50103879 ']	G=1.00000
rs148962647	['chr22:50103882 ']	A=0.99757
rs180813334	['chr22:50103916 ']	G=1.00000
rs186159763	['chr22:50104061 ']	A=0.99882
rs191875393	['chr22:50104092 ']	C=1.00000
rs182416312	['chr22:50104142 ']	A=1.00000
rs185939070	['chr22:50104270 ']	N/A
rs115098666	['chr22:50104294 ']	C=0.99799
rs190600621	['chr22:50104530 ']	C=0.99993
rs144387281	['chr22:50104693 ']	A=0.99806
rs183198724	['chr22:50104702 ']	T=1.000
rs187082600	['chr22:50104834 ']	G=1.00000
rs8140123	['chr22:50104887 ']	C=0.89418
rs190381230	['chr22:50104913 ']	A=0.99983
rs138213	['chr22:50104967 ']	T=0.05824
rs76710114	['chr22:50105182 ']	A=0.99535
rs56062036	['chr22:50105302 ']	A=0.99639
rs182423511	['chr22:50105316 ']	T=0.99986
rs9617024	['chr22:50105331 ']	T=0.76327
rs187950978	['chr22:50105335 ']	C=0.99730
rs141424920	['chr22:50105355 ']	G=0.96185
rs145138639	['chr22:50105408 ']	G=0.99243
rs193004243	['chr22:50105416 ']	T=0.99995
rs4838831	['chr22:50105417 ']	C=0.88765
rs148379914	['chr22:50105499 ']	N/A
rs140671917	['chr22:50105547 ']	C=1.00000
rs185717143	['chr22:50105561 ']	A=0.99957
rs150094754	['chr22:50105568 ']	C=0.99979
rs4838832	['chr22:50105571 ']	T=0.76381
rs187905275	['chr22:50105739 ']	G=1.00000
rs138433636	['chr22:50105775 ']	G=0.99958
rs75776719	['chr22:50106008 ']	T=0.97920
rs192071972	['chr22:50106015 ']	C=0.99986
rs147403374	['chr22:50106130 ']	A=0.99868
rs9617072	['chr22:50106271 ']	T=0.77840
rs143638711	['chr22:50106285 ']	G=0.99434
rs9617025	['chr22:50106301 ']	C=0.77882
rs184465304	['chr22:50106460 ']	T=0.97972
rs6010137	['chr22:50106544 ']	C=0.99917
rs35751043	['chr22:50106659 ']	C=0.97671
rs181486100	['chr22:50106680 ']	N/A
rs9628284	['chr22:50106769 ']	T=0.96390
rs4838833	['chr22:50106794 ']	C=0.78576
rs138214	['chr22:50106795 ']	G=0.98266
rs4838834	['chr22:50106850 ']	T=0.88913
rs189499189	['chr22:50106954 ']	G=0.99992
rs113220921	['chr22:50106980 ']	C=0.99918
rs186429433	['chr22:50106981 ']	G=0.99711
rs4838835	['chr22:50106992 ']	T=0.78141
rs191149259	['chr22:50107058 ']	T=0.99899
rs5771071	['chr22:50107168 ']	G=0.93196
rs112627143	['chr22:50107175 ']	C=0.99926
rs149015425	['chr22:50107205 ']	G=0.98337
rs9617026	['chr22:50107214 ']	A=0.77782
rs6010172	['chr22:50107219 ']	C=0.99799
rs141126023	['chr22:50107259 ']	A=0.92303
rs7291653	['chr22:50107275 ']	C=0.99603
rs191064111	['chr22:50107287 ']	C=1.00000
rs146946455	['chr22:50107305 ']	A=0.92311
rs183283763	['chr22:50107383 ']	A=0.99993
rs138028797	['chr22:50107555 ']	N/A
rs143597850	['chr22:50107594 ']	C=0.99751
rs185783527	['chr22:50107599 ']	C=0.99993
rs150147741	['chr22:50107620 ']	A=0.99893
rs138636820	['chr22:50107644 ']	G=0.99656
rs190988316	['chr22:50107656 ']	G=0.99814
rs149335244	['chr22:50107666 ']	G=0.98645
rs74765157	['chr22:50107669 ']	C=0.96798
rs9617073	['chr22:50107756 ']	T=0.77835
rs144677184	['chr22:50107762 ']	G=0.99993
rs139466253	['chr22:50107826 ']	C=0.99993
rs9617074	['chr22:50107835 ']	G=0.77851
rs142775706	['chr22:50108001 ']	C=0.99645
rs6010173	['chr22:50108038 ']	G=0.98662
rs117054355	['chr22:50108056 ']	G=0.97982
rs140089744	['chr22:50108193 ']	C=0.999735
rs3810971	['chr22:50108237 ']	C=0.763779
rs138215	['chr22:50108359 ']	G=0.81799
rs138216	['chr22:50108368 ']	T=0.70616
rs182343320	['chr22:50108403 ']	C=0.99993
rs187650127	['chr22:50108411 ']	C=0.99991
rs3810972	['chr22:50108415 ']	T=0.77326
rs3810973	['chr22:50108439 ']	G=0.76162
rs3810974	['chr22:50108471 ']	C=0.76403
rs143779989	['chr22:50108495 ']	A=0.99910
rs112945019	['chr22:50108532 ']	G=0.97920
rs151310306	['chr22:50108539 ']	C=1.00000
rs3810975	['chr22:50108542 ']	A=0.77845
rs139407169	['chr22:50108587 ']	C=0.99993
rs111648284	['chr22:50108588 ']	G=0.99896
rs117447913	['chr22:50108602 ']	C=0.98888
rs75432260	['chr22:50108653 ']	C=1.00000
rs182796919	['chr22:50108672 ']	C=1.00000
rs138217	['chr22:50108818 ']	A=0.01059
rs187395088	['chr22:50108929 ']	G=0.99910
rs4838801	['chr22:50108960 ']	C=0.85723
rs192568346	['chr22:50109086 ']	G=0.99993
rs4838837	['chr22:50109100 ']	C=0.77597
rs184852512	['chr22:50109107 ']	G=0.99794
rs138218	['chr22:50109129 ']	T=0.3556
rs189786833	['chr22:50109179 ']	A=1.00000
rs4838802	['chr22:50109283 ']	A=0.80582
rs9617027	['chr22:50109435 ']	C=0.77861
rs192646869	['chr22:50109440 ']	C=0.99993
rs183917478	['chr22:50109441 ']	G=0.99534
rs189329446	['chr22:50109451 ']	T=0.99950
rs181982786	['chr22:50109466 ']	G=0.99979
rs34937757	['chr22:50109493-50109496 ']	CCCC=0.77998
rs9617075	['chr22:50109556 ']	G=0.77877
rs143127267	['chr22:50109560 ']	G=0.99542
rs185904676	['chr22:50109627 ']	C=1.00000
rs11703494	['chr22:50109785 ']	C=0.78650
rs148259063	['chr22:50109796 ']	C=1.00000
rs13055849	['chr22:50109848 ']	T=0.92564
rs13058355	['chr22:50109888 ']	C=0.91670
rs190268257	['chr22:50109903 ']	C=1.00000
rs150366244	['chr22:50109942 ']	A=0.97772
rs181875105	['chr22:50110020 ']	G=1.00000
rs138143918	['chr22:50110175 ']	C=0.99334
rs142736877	['chr22:50110178 ']	G=0.99563
rs11704713	['chr22:50110197 ']	A=0.77877
rs186514612	['chr22:50110223 ']	G=0.99598
rs11703611	['chr22:50110279 ']	C=0.77880
rs11703630	['chr22:50110309 ']	C=0.77936
rs11703632	['chr22:50110318 ']	C=0.88856
rs11704211	['chr22:50110344 ']	G=0.77959
rs11704231	['chr22:50110420 ']	G=0.78813
rs11704255	['chr22:50110523 ']	G=0.91624
rs138219	['chr22:50110556 ']	T=0.27935
rs191287156	['chr22:50110706 ']	G=0.99993
rs147318007	['chr22:50110723 ']	G=0.99881
rs141049779	['chr22:50110748 ']	C=0.99793
rs13053136	['chr22:50110764 ']	C=0.78569
rs34428657	['chr22:50110848 ']	T=0.77845
rs142060737	['chr22:50111009 ']	C=0.99799
rs6010174	['chr22:50111158 ']	A=0.99799
rs182102220	['chr22:50111259 ']	G=0.99984
rs185172924	['chr22:50111273 ']	N/A
rs190715728	['chr22:50111441 ']	T=1.00000
rs145517842	['chr22:50111535 ']	G=0.99873
rs148868141	['chr22:50111584 ']	A=0.99916
rs183281436	['chr22:50111702 ']	A=0.99896
rs188941366	['chr22:50111703 ']	C=0.99762
rs193152806	['chr22:50111799 ']	G=0.99896
rs7284237	['chr22:50111892 ']	G=0.99904
rs183555163	['chr22:50111911 ']	T=0.99945
rs9617077	['chr22:50111984 ']	G=0.85278
rs9617078	['chr22:50112033 ']	T=0.77845
rs10427556	['chr22:50112060 ']	G=0.86038
rs138111078	['chr22:50112236 ']	C=0.99733
rs141152940	['chr22:50112249 ']	G=1.00000
rs138220	['chr22:50112379 ']	C=0.69945
rs188203951	['chr22:50112386 ']	C=0.99751
rs192735220	['chr22:50112391 ']	C=0.99994
rs183683207	['chr22:50112492 ']	G=0.99973
rs114268317	['chr22:50112584 ']	C=0.98821
rs138786362	['chr22:50112682 ']	C=0.99875
rs188294199	['chr22:50112721 ']	G=0.99545
rs111369640	['chr22:50112771 ']	G=0.97920
rs4838803	['chr22:50112883 ']	A=0.78566
rs138230467	['chr22:50113000 ']	C=1.00000
rs192380752	['chr22:50113054 ']	A=0.99979
rs149609004	['chr22:50113075 ']	G=0.99921
rs147308134	['chr22:50113126 ']	G=0.99757
rs141012233	['chr22:50113280 ']	G=0.99646
rs184869449	['chr22:50113288 ']	C=0.99846
rs2340597	['chr22:50113395 ']	A=0.76192
rs144972493	['chr22:50113473 ']	G=1.00000
rs147537504	['chr22:50113478 ']	N/A
rs117056158	['chr22:50113543 ']	G=0.98862
rs77297773	['chr22:50113583 ']	C=0.99993
rs190566802	['chr22:50113593 ']	C=0.99925
rs181708584	['chr22:50113840 ']	A=0.99989
rs4838839	['chr22:50113849 ']	C=0.78115
rs5771075	['chr22:50113920 ']	T=0.86054
rs186906439	['chr22:50113954 ']	C=0.99950
rs12167546	['chr22:50113981 ']	C=0.99095
rs151162572	['chr22:50114003 ']	C=0.99809
rs189744234	['chr22:50114011 ']	C=0.99916
rs181222411	['chr22:50114108 ']	C=0.99761
rs184926464	['chr22:50114142 ']	G=1.00000
rs140226852	['chr22:50114197 ']	G=0.99896
rs189688747	['chr22:50114277 ']	A=0.99986
rs4240525	['chr22:50114307 ']	T=0.78136
rs149927638	['chr22:50114584 ']	C=0.999864
rs73431376	['chr22:50114656 ']	C=0.99817
rs187286196	['chr22:50114713 ']	N/A
rs9617079	['chr22:50114719 ']	C=0.77861
rs146499597	['chr22:50114785 ']	G=1.00000
rs116572017	['chr22:50114847 ']	C=0.98821
rs192073788	['chr22:50114935 ']	A=0.99986
rs141008224	['chr22:50114975 ']	A=1.00000
rs183535559	['chr22:50115057 ']	A=0.99993
rs742183	['chr22:50115085 ']	A=0.77464
rs188458178	['chr22:50115273 ']	C=0.99648
rs190058977	['chr22:50115274 ']	C=0.99993
rs59000831	['chr22:50115304 ']	G=1.00000
rs182709817	['chr22:50115335 ']	C=1.00000
rs114725370	['chr22:50115336 ']	G=0.99669
rs187313618	['chr22:50115385 ']	C=0.99964
rs138766606	['chr22:50115403 ']	A=0.99993
rs191404518	['chr22:50115410 ']	C=0.99926
rs715506	['chr22:50115433 ']	G=0.70099
rs148921387	['chr22:50115542 ']	C=0.99964
rs184454642	['chr22:50115559 ']	A=1.00000
rs188983815	['chr22:50115601 ']	N/A
rs143670029	['chr22:50115618 ']	A=0.99386
rs71009	['chr22:50115625 ']	G=0.64902
rs193123929	['chr22:50115699 ']	N/A
rs116373893	['chr22:50115761 ']	C=0.99542
rs185101432	['chr22:50115792 ']	C=0.99677
rs148109362	['chr22:50115809 ']	C=0.99972
rs190036660	['chr22:50115817 ']	G=0.99993
rs141912678	['chr22:50115820 ']	T=0.99896
rs731858	['chr22:50115830 ']	C=0.96437
rs731857	['chr22:50115835 ']	G=0.71010
rs111981055	['chr22:50115855 ']	G=0.99965
rs181684532	['chr22:50115882 ']	G=1.00000
rs139196227	['chr22:50115892 ']	T=0.99979
rs143223565	['chr22:50115916 ']	G=0.99660
rs77867951	['chr22:50115918 ']	C=1.00000
rs76954766	['chr22:50115970 ']	G=1.00000
rs139423045	['chr22:50115997 ']	A=0.99806
rs76782197	['chr22:50116049 ']	C=0.99287
rs78659187	['chr22:50116050 ']	G=1.00000
rs149239735	['chr22:50116086 ']	T=0.99137
rs183980205	['chr22:50116306 ']	G=0.99986
rs111973355	['chr22:50116395 ']	C=0.99958
rs188656814	['chr22:50116466 ']	T=0.99897
rs180787206	['chr22:50116472 ']	G=0.99660
rs186021507	['chr22:50116578 ']	C=0.99889
rs192169000	['chr22:50116804 ']	C=1.00000
rs182132819	['chr22:50116856 ']	A=0.99993
rs138221	['chr22:50116870 ']	G=0.50868
rs144016121	['chr22:50116902 ']	C=0.99861
rs146455538	['chr22:50116950 ']	C=0.99986
rs115254214	['chr22:50116967 ']	A=0.99882
rs139899513	['chr22:50116975 ']	C=1.00000
rs126241	['chr22:50117057 ']	G=0.06313
rs138222	['chr22:50117190 ']	C=0.08869
rs882753	['chr22:50117206 ']	C=0.860758
rs760749	['chr22:50117257 ']	A=0.841250
rs151215930	['chr22:50117275 ']	T=0.99986
rs140411507	['chr22:50117348 ']	A=1.00000
rs4838804	['chr22:50117396 ']	T=0.86795
rs150400029	['chr22:50117416 ']	G=0.99883
rs145219953	['chr22:50117441 ']	C=0.99591
rs3810976	['chr22:50117554 ']	G=0.99986
rs3810977	['chr22:50117572 ']	C=0.99239
rs149139264	['chr22:50117690 ']	C=1.00000
rs875844	['chr22:50117712 ']	C=0.77946
rs190595594	['chr22:50117734 ']	C=1.00000
rs183189379	['chr22:50117788 ']	A=1.00000
rs875845	['chr22:50117833 ']	T=0.995479
rs138223	['chr22:50117902 ']	C=0.73940
rs187073527	['chr22:50117976 ']	G=0.99993
rs190373960	['chr22:50117986 ']	A=0.99910
rs146471731	['chr22:50118036 ']	C=1.00000
rs138224	['chr22:50118058 ']	G=0.731319
rs182661817	['chr22:50118182 ']	A=0.99788
rs139158331	['chr22:50118188 ']	G=0.99938
rs71316997	[]	N/A
rs112580642	['chr22:50118227 ']	T=0.99806
rs909693	['chr22:50118307 ']	G=0.900309
rs193215158	['chr22:50118349 ']	T=0.99995
rs138226	['chr22:50118358 ']	A=0.59792
rs138227	['chr22:50118386 ']	A=0.48158
rs185529868	['chr22:50118477 ']	C=1.00000
rs138228	['chr22:50118691 ']	C=0.47132
rs9617081	['chr22:50118806 ']	T=0.85459
rs138229	['chr22:50118978 ']	A=0.559777
rs143183796	['chr22:50119002 ']	G=0.99945
rs9617082	['chr22:50119034 ']	G=0.860522
rs187951919	['chr22:50119106 ']	T=1.00000
rs112127712	['chr22:50119163-50119167 ']	CCCCC=0.95934
rs78566519	['chr22:50119185 ']	G=0.99502
rs62241110	['chr22:50119211 ']	C=0.85474
rs184459753	['chr22:50119281 ']	C=1.00000
rs138230	['chr22:50119411 ']	A=0.83275
rs188416256	['chr22:50119676 ']	C=1.00000
rs181353776	['chr22:50119678 ']	C=0.99993
rs147095949	['chr22:50119733 ']	T=0.99656
rs184254488	['chr22:50119859 ']	C=0.99857
rs715619	['chr22:50119977 ']	C=0.77877
rs715616	['chr22:50120076 ']	G=0.48184
rs148163493	['chr22:50120094 ']	G=0.99979
rs189208483	['chr22:50120099 ']	N/A
rs113471365	['chr22:50120112 ']	G=0.97920
rs116171564	['chr22:50120213 ']	G=0.99894
rs142031401	['chr22:50120273 ']	C=1.00000
rs181052211	['chr22:50120418 ']	N/A
rs115041986	['chr22:50120495 ']	T=0.99958
rs150693045	['chr22:50120512 ']	C=0.999991
rs71316583	['chr22:50120517 ']	A=0.93211
rs187163713	['chr22:50120592 ']	G=0.99983
rs189564312	['chr22:50120626 ']	G=1.00000
rs84504	['chr22:50120818 ']	G=0.46477
rs181543190	['chr22:50120985 ']	C=0.99936
rs138991477	['chr22:50121004 ']	G=1.00000
rs114634718	['chr22:50121148 ']	G=0.99972
rs142366394	['chr22:50121284 ']	G=0.99979
rs186147238	['chr22:50121289 ']	C=0.99907
rs145960262	['chr22:50121335 ']	N/A
rs138231	['chr22:50121374 ']	G=0.00995
rs138232	['chr22:50121409 ']	C=0.48158
rs138233	['chr22:50121524 ']	G=0.71752
rs139879926	['chr22:50121550 ']	G=0.99993
rs114287232	['chr22:50121578 ']	A=0.99799
rs143357353	['chr22:50121620 ']	G=1.00000
rs190066813	['chr22:50121633 ']	C=0.99907
rs145586510	['chr22:50121648 ']	G=0.99993
rs148480858	['chr22:50121671 ']	G=0.99896
rs142645582	['chr22:50121702 ']	N/A
rs183049468	['chr22:50121712 ']	G=1.00000
rs115554188	['chr22:50121769 ']	G=0.99750
rs76695624	['chr22:50121789 ']	A=0.99973
rs74603238	['chr22:50121867 ']	T=0.99821
rs151012576	['chr22:50121899 ']	C=1.00000
rs186737399	['chr22:50121929 ']	T=0.99827
rs138234	['chr22:50121943 ']	C=0.48174
rs12627907	['chr22:50122036 ']	C=0.86765
rs190780420	['chr22:50122178 ']	C=1.00000
rs182964094	['chr22:50122199 ']	N/A
rs9617083	['chr22:50122340 ']	G=0.765230
rs142325030	['chr22:50122413 ']	N/A
rs187704102	['chr22:50122646 ']	C=0.99950
rs116761959	['chr22:50122773 ']	T=0.99619
rs9617084	['chr22:50122793 ']	A=0.97427
rs55649847	['chr22:50122798-50122802 ']	TTTTT=0.7295
rs146412066	['chr22:50122842 ']	C=0.99984
rs13433633	['chr22:50122873 ']	G=0.96485
rs9617030	['chr22:50122935 ']	G=0.77808
rs9617031	['chr22:50122988 ']	A=0.78507
rs138235	['chr22:50123027 ']	C=0.71244
rs182786543	['chr22:50123141 ']	A=1.00000
rs9617085	['chr22:50123155 ']	C=0.85422
rs9617032	['chr22:50123161 ']	G=0.78571
rs141684167	['chr22:50123300 ']	C=0.99922
rs187369690	['chr22:50123311 ']	C=1.00000
rs138236	['chr22:50123369 ']	T=0.69031
rs150454370	['chr22:50123372 ']	A=0.99556
rs192830808	['chr22:50123414 ']	G=0.99951
rs138299363	['chr22:50123421 ']	A=0.99660
rs143374891	['chr22:50123478 ']	C=0.99785
rs184709444	['chr22:50123570 ']	G=0.99550
rs148381953	['chr22:50123655 ']	A=0.98187
rs190029405	['chr22:50123667 ']	A=0.99915
rs192225077	['chr22:50123682 ']	A=0.99974
rs79363046	['chr22:50123692 ']	C=0.98703
rs183903588	['chr22:50123749 ']	T=0.99993
rs142327510	['chr22:50123776 ']	A=1.00000
rs189325018	['chr22:50123823 ']	N/A
rs145949525	['chr22:50123832 ']	T=1.00000
rs8141590	['chr22:50123882 ']	G=0.77856
rs4838840	['chr22:50124374 ']	A=0.98386
rs138582860	['chr22:50124446 ']	C=0.99896
rs115895425	['chr22:50124464 ']	A=0.99937
rs138237	['chr22:50124516 ']	C=0.77243
rs181981183	['chr22:50124576 ']	C=1.00000
rs185943956	['chr22:50124594 ']	A=0.99950
rs138238	['chr22:50124711 ']	T=0.424260
rs138239	['chr22:50124765 ']	C=0.82592
rs77542517	['chr22:50124787 ']	C=0.98809
rs141687410	['chr22:50124924 ']	G=0.99873
rs150746139	['chr22:50124947 ']	A=0.99386
rs139125947	['chr22:50125066 ']	A=1.00000
rs149935506	['chr22:50125141 ']	G=0.99989
rs189042973	['chr22:50125156 ']	G=1.00000
rs182195626	['chr22:50125232 ']	G=0.99945
rs144113097	['chr22:50125262 ']	G=0.99899
rs2272833	['chr22:50125279 ']	C=0.85251
rs78683111	['chr22:50125286 ']	G=0.99986
rs140640371	['chr22:50125532 ']	C=1.00000
rs186275301	['chr22:50125543 ']	C=1.00000
rs116003885	['chr22:50125714 ']	G=0.99906
rs9617086	['chr22:50125716 ']	T=0.88760
rs138240	['chr22:50125752 ']	G=0.56753
rs57641188	['chr22:50125765 ']	G=0.99834
rs138241	['chr22:50125783 ']	G=0.82029
rs9617033	['chr22:50125809 ']	G=0.77851
rs6010179	['chr22:50125849 ']	G=0.99951
rs185168457	['chr22:50125888 ']	C=0.99847
rs9617087	['chr22:50125951 ']	C=0.79029
rs138242	['chr22:50125984 ']	A=0.08560
rs9617088	['chr22:50125990 ']	C=0.89361
rs9617034	['chr22:50126013 ']	C=0.78238
rs9617089	['chr22:50126081 ']	T=0.77875
rs141027867	['chr22:50126098 ']	C=1.00000
rs5771077	['chr22:50126106 ']	T=0.847642
rs150252067	['chr22:50126107 ']	N/A
rs139006116	['chr22:50126154 ']	T=0.99993
rs3830747	['chr22:50126190-50126195 ']	TTTTTT=0.85670
rs138243	['chr22:50126321 ']	C=0.99099
rs76956804	['chr22:50126343 ']	C=1.00000
rs190713541	['chr22:50126344 ']	C=0.99986
rs183272895	['chr22:50126407 ']	T=0.99091
rs187915944	['chr22:50126445 ']	N/A
rs144602839	['chr22:50126494 ']	T=0.99704
rs78064635	['chr22:50126675 ']	G=0.98677
rs138504854	['chr22:50126702 ']	T=0.99993
rs192895430	['chr22:50126733 ']	N/A
rs6010138	['chr22:50126885 ']	A=0.28288
rs138244	['chr22:50126938 ']	C=0.42293
rs141540680	['chr22:50127050 ']	G=0.99938
rs117241462	['chr22:50127090 ']	G=0.97967
rs80156036	['chr22:50127151 ']	C=0.99979
rs4838807	['chr22:50127154 ']	A=0.77845
rs183769732	['chr22:50127203 ']	C=1.00000
rs4838841	['chr22:50127209 ']	A=0.77851
rs73185375	['chr22:50127260 ']	G=0.92319
rs117350614	['chr22:50127326 ']	G=0.98859
rs187905794	['chr22:50127409 ']	N/A
rs192940435	['chr22:50127422 ']	G=0.99924
rs4838808	['chr22:50127479 ']	A=0.77851
rs144478052	['chr22:50127482 ']	C=0.99785
rs148013695	['chr22:50127496 ']	C=0.99677
rs183676953	['chr22:50127541 ']	C=0.99783
rs12167156	['chr22:50127545 ']	G=0.99903
rs191591543	['chr22:50127738 ']	T=0.99993
rs9617035	['chr22:50127753 ']	T=0.77861
rs13057953	['chr22:50127780 ']	T=0.99480
rs12167234	['chr22:50127835 ']	C=0.96374
rs141724817	['chr22:50127858 ']	C=0.98724
rs184913205	['chr22:50127859 ']	G=0.99995
rs140602439	['chr22:50127929 ']	C=0.99986
rs190757652	['chr22:50128014 ']	C=1.00000
rs181677715	['chr22:50128061 ']	C=0.99993
rs185347535	['chr22:50128062 ']	G=0.99978
rs189463284	['chr22:50128115 ']	A=1.00000
rs181215708	['chr22:50128166 ']	A=0.99993
rs4838842	['chr22:50128205 ']	G=0.79111
rs184914873	['chr22:50128288 ']	T=0.99938
rs78405391	['chr22:50128309 ']	A=0.99556
rs147432730	['chr22:50128310 ']	T=0.99723
rs189672814	['chr22:50128349 ']	A=1.00000
rs4838809	['chr22:50128352 ']	T=0.82577
rs75109122	['chr22:50128358-50128363 ']	TAGATA=0.99900
rs59427978	['chr22:50128378 ']	T=0.99534
rs13055917	['chr22:50128406 ']	C=0.77761
rs181017574	['chr22:50128521 ']	T=1.00000
rs138245	['chr22:50128609 ']	A=0.71967
rs113945093	['chr22:50128712 ']	T=0.99570
rs13054520	['chr22:50128839 ']	G=0.85897
rs138246	['chr22:50128916 ']	G=0.0907
rs186168957	['chr22:50128994 ']	A=1.00000
rs112455637	['chr22:50129027 ']	G=0.99059
rs145234605	['chr22:50129034 ']	C=0.99993
rs13055150	['chr22:50129178 ']	G=0.77824
rs56995521	[]	N/A
rs116001029	['chr22:50129384 ']	T=0.99716
rs148752388	['chr22:50129465 ']	T=0.99736
rs188740028	['chr22:50129508 ']	C=1.00000
rs142398552	['chr22:50129604 ']	N/A
rs41520749	[]	N/A
rs35281297	['chr22:50129654 ']	A=0.98841
rs146861824	['chr22:50129728 ']	A=1.00000
rs140666046	['chr22:50129737 ']	G=0.99993
rs190981910	['chr22:50129819 ']	C=0.99993
rs182656554	['chr22:50129854 ']	C=0.99681
rs76103984	['chr22:50129922 ']	T=0.99293
rs187343397	['chr22:50129930 ']	N/A
rs4838843	['chr22:50129966 ']	C=0.77835
rs72490261	['chr22:50129993 ']	G=0.99979
rs4377433	['chr22:50130092 ']	A=0.86268
rs9617091	['chr22:50130134 ']	G=0.77861
rs2340598	['chr22:50130142 ']	G=0.77872
rs183928367	['chr22:50130250 ']	N/A
rs188642769	['chr22:50130297 ']	T=1.00000
rs193275458	['chr22:50130359 ']	A=1.00000
rs909694	['chr22:50130417 ']	A=0.96231
rs17836626	['chr22:50130477 ']	C=0.98981
rs184989581	['chr22:50130485 ']	C=1.00000
rs190280829	['chr22:50130501 ']	G=1.00000
rs146640212	['chr22:50130538 ']	G=0.99442
rs35981976	[]	N/A
rs71318865	['chr22:50130583-50130585 ']	N/A
rs35328069	['chr22:50130585 ']	A=0.77882
rs71316999	[]	N/A
rs150304888	['chr22:50130728 ']	A=0.99772
rs118182108	['chr22:50130773 ']	G=1.00000
rs114857241	['chr22:50130862 ']	G=1.00000
rs181665182	['chr22:50130948 ']	G=0.99986
rs13057188	['chr22:50130975 ']	C=0.77983
rs11703986	['chr22:50131022 ']	G=0.83457
rs138781767	['chr22:50131115 ']	A=1.00000
rs138248	['chr22:50131187 ']	T=0.92271
rs112936000	['chr22:50131191 ']	G=0.97004
rs2340599	['chr22:50131238 ']	A=0.75723
rs75190522	['chr22:50131290 ']	A=0.99972
rs147423154	['chr22:50131348 ']	G=0.99915
rs138249	['chr22:50131361 ']	C=0.43692
rs183975820	['chr22:50131420 ']	C=1.00000
rs188656536	['chr22:50131531 ']	C=0.99995
rs4838845	['chr22:50131709 ']	A=0.88978
rs71317001	['chr22:50131735-50131737 ']	AGA=0.87842
rs9617036	['chr22:50131854 ']	C=0.77851
rs138250	['chr22:50131932 ']	A=0.42811
rs9617093	['chr22:50131937 ']	G=0.77882
rs180774345	['chr22:50131955 ']	A=1.00000
rs73185384	['chr22:50131999 ']	G=0.92144
rs186137735	['chr22:50132058 ']	C=1.00000
rs191863650	['chr22:50132136 ']	T=1.00000
rs139793650	['chr22:50132169 ']	A=1.00000
rs141831552	['chr22:50132183 ']	G=0.99979
rs75570992	['chr22:50132326 ']	G=0.94991
rs182402475	['chr22:50132375 ']	A=0.99984
rs138251	['chr22:50132423 ']	A=0.29198
rs187389118	['chr22:50132441 ']	A=0.99896
rs138252	['chr22:50132444 ']	G=0.42800
rs9617094	['chr22:50132448 ']	A=0.88771
rs9617095	['chr22:50132524 ']	G=0.77782
rs71317002	[]	N/A
rs9617096	['chr22:50132558 ']	A=0.88764
rs9617037	['chr22:50132605 ']	G=0.88777
rs190633797	['chr22:50132619 ']	T=1.00000
rs9617097	['chr22:50132692 ']	C=0.79802
rs138254	['chr22:50132731 ']	G=0.44066
rs150625299	['chr22:50132897 ']	G=0.99929
rs139772230	['chr22:50132914 ']	T=0.99917
rs13056274	['chr22:50132950 ']	T=0.79878
rs13058596	['chr22:50132960 ']	C=0.77937
rs13053165	['chr22:50133013 ']	C=0.77979
rs12628222	['chr22:50133059 ']	T=0.77984
rs4838846	['chr22:50133101 ']	C=0.77893
rs183142990	['chr22:50133224 ']	C=1.00000
rs187115726	['chr22:50133241 ']	G=0.99794
rs9617038	['chr22:50133468 ']	A=0.86528
rs190307386	['chr22:50133692 ']	C=1.00000
rs112488066	['chr22:50133697 ']	C=0.99462
rs138256	['chr22:50133745 ']	T=0.70122
rs146629621	['chr22:50133840 ']	G=0.99640
rs182166931	['chr22:50133880 ']	T=0.99993
rs3736686	['chr22:50133977 ']	A=0.88130
rs2340601	['chr22:50134044 ']	G=0.762089
rs149227943	['chr22:50134088 ']	G=0.99993
rs74828492	['chr22:50134317-50134318 ']	N/A
rs71904485	[]	N/A
rs143441761	['chr22:50134336 ']	G=0.99778
rs3736688	['chr22:50134341 ']	A=0.77970
rs187881740	['chr22:50134383 ']	T=1.00000
rs3736690	['chr22:50134652 ']	T=0.78518
rs140714176	['chr22:50134676 ']	N/A
rs193023657	['chr22:50134677 ']	G=0.99896
rs145830036	['chr22:50134714 ']	G=1.00000
rs76303459	['chr22:50134728 ']	A=0.98947
rs184011991	['chr22:50134737 ']	G=1.00000
rs138742811	['chr22:50134745 ']	G=0.99993
rs3736691	['chr22:50134794 ']	C=0.77867
rs117928164	['chr22:50134900 ']	T=0.99836
rs71311688	['chr22:50135183 ']	T=0.91317
rs12628151	['chr22:50135261 ']	C=0.88802
rs138081834	['chr22:50135371 ']	T=1.00000
rs188959052	['chr22:50135475 ']	G=0.99964
rs28622129	['chr22:50135601 ']	A=0.96458
rs191998473	['chr22:50135650 ']	C=0.99943
rs184458347	['chr22:50135715 ']	C=0.99355
rs117184474	['chr22:50135797 ']	G=0.98857
rs60669419	['chr22:50135850 ']	T=0.98433
rs144146499	['chr22:50135877 ']	T=0.99995
rs4838847	['chr22:50135959 ']	T=0.85723
rs188399803	['chr22:50136151 ']	G=0.99952
rs191761083	['chr22:50136153 ']	T=0.99736
rs112870861	['chr22:50136184 ']	A=0.99391
rs184116889	['chr22:50136420 ']	G=1.00000
rs62239264	['chr22:50136495 ']	A=0.71810
rs189486958	['chr22:50136556 ']	C=0.99529
rs181073489	['chr22:50136697 ']	A=0.99896
rs187287641	['chr22:50136742 ']	C=0.99926
rs148706460	['chr22:50136765 ']	T=0.99280
rs2142850	['chr22:50136931 ']	A=0.76184
rs2142851	['chr22:50136970 ']	T=0.77517
rs189609945	['chr22:50137102 ']	C=1.00000
rs9617099	['chr22:50137167 ']	C=0.89423
rs9617100	['chr22:50137205 ']	C=0.78788
rs141423382	['chr22:50137266 ']	G=0.99993
rs181502671	['chr22:50137318 ']	T=1.00000
rs146324428	['chr22:50137336 ']	C=0.97740
rs186179791	['chr22:50137496 ']	G=0.99809
rs9617039	['chr22:50137591 ']	G=0.89506
rs13053800	['chr22:50137654 ']	A=0.77603
rs56760292	['chr22:50137733 ']	T=0.95346
rs13053991	['chr22:50137741 ']	A=1.0000
rs139986449	['chr22:50137747 ']	A=0.99730
rs138258	['chr22:50137758 ']	A=1.0000
rs138259	['chr22:50137764 ']	C=0.92379
rs183309124	['chr22:50137779 ']	T=1.0000
rs186514987	['chr22:50137781 ']	C=1.0000
rs62239265	['chr22:50137803 ']	A=1.0000
rs6010187	['chr22:50137810 ']	T=0.99921
rs62239266	['chr22:50137820 ']	A=1.0000
rs147793127	['chr22:50137828 ']	T=0.99619
rs182676154	['chr22:50137938 ']	A=0.99910
rs78819637	['chr22:50138011 ']	C=0.99674
rs141269204	['chr22:50138116 ']	A=0.99896
rs188989757	['chr22:50138161 ']	A=0.99979
rs192551088	['chr22:50138255 ']	C=0.99993
rs182776600	['chr22:50138263 ']	C=1.00000
rs146982473	['chr22:50138290 ']	C=1.00000
rs148021450	['chr22:50138292 ']	G=0.99993
rs187366659	['chr22:50138312 ']	G=1.00000
rs191509082	['chr22:50138640 ']	C=0.99952
rs184879956	['chr22:50138795 ']	C=0.98745
rs140834478	['chr22:50138851 ']	G=0.99751
rs150157879	['chr22:50138895 ']	G=0.99320
rs113439087	['chr22:50138945 ']	G=0.96427
rs4838848	['chr22:50139092 ']	A=0.92558
rs117770973	['chr22:50139147 ']	C=0.99979
rs4838849	['chr22:50139184 ']	C=0.77501
rs141934060	['chr22:50139253 ']	C=0.99986
rs79922710	['chr22:50139626 ']	C=0.99397
rs73185399	['chr22:50139646 ']	G=0.92186
rs189713860	['chr22:50139814 ']	C=1.00000
rs192675579	['chr22:50139864 ']	G=1.00000
rs138260	['chr22:50139875 ']	C=0.70446
rs9617040	['chr22:50139957 ']	G=0.88541
rs138261	['chr22:50140021 ']	A=0.71285
rs2340602	['chr22:50140074 ']	A=0.77496
rs146312887	['chr22:50140114 ']	A=1.00000
rs184420765	['chr22:50140369 ']	A=1.00000
rs2340603	['chr22:50140384 ']	A=0.77491
rs138309892	['chr22:50140465 ']	T=0.99632
rs189357664	['chr22:50140567 ']	T=1.00000
rs142903615	['chr22:50140584 ']	N/A
rs2078205	['chr22:50140690 ']	C=0.78756
rs12628633	['chr22:50140774 ']	G=1.00000
rs5771188	['chr22:50140785 ']	C=0.87266
rs181933497	['chr22:50140817 ']	G=0.99979
rs185939022	['chr22:50140967 ']	A=1.00000
rs148760274	['chr22:50141003 ']	A=0.99896
rs116869697	['chr22:50141060 ']	T=0.99519
rs12166326	[]	N/A
rs189041371	['chr22:50141072 ']	N/A
rs181894749	['chr22:50141083 ']	G=1.00000
rs35273734	['chr22:50141146 ']	G=0.78316
rs59051343	['chr22:50141377 ']	T=0.77611
rs186421331	['chr22:50141388 ']	C=0.99185
rs191317743	['chr22:50141429 ']	A=0.99945
rs182670278	['chr22:50141573 ']	C=0.99861
rs13056714	['chr22:50141615 ']	T=0.77528
rs76919224	['chr22:50141620 ']	G=0.99300
rs117894017	['chr22:50141634 ']	C=0.99443
rs185152006	['chr22:50141659 ']	C=0.99979
rs13058366	['chr22:50141684 ']	G=0.77544
rs80027789	['chr22:50141839 ']	C=0.99867
rs144190475	['chr22:50142093 ']	A=0.99993
rs190699474	['chr22:50142113 ']	T=0.99938
rs183269282	['chr22:50142151 ']	C=1.00000
rs112336218	['chr22:50142239 ']	T=0.99979
rs147783434	['chr22:50142265 ']	G=0.98867
rs9617102	['chr22:50142270 ']	C=0.94304
rs9617103	['chr22:50142475 ']	G=0.77543
rs141126332	['chr22:50142505 ']	N/A
rs145088738	['chr22:50142626 ']	C=1.00000
rs144955385	['chr22:50142728 ']	C=0.99792
rs12484166	['chr22:50142808 ']	G=0.78263
rs12484167	['chr22:50142823 ']	G=0.88585
rs11101949	['chr22:50142870 ']	G=0.77538
rs9628289	['chr22:50142962 ']	C=0.958253
rs111642920	['chr22:50142963 ']	G=0.99026
rs191757886	['chr22:50143172 ']	N/A
rs2272835	['chr22:50143278 ']	T=0.77169
rs183585496	['chr22:50143425 ']	T=1.00000
rs760750	['chr22:50143461 ']	C=0.76958
rs114993109	['chr22:50143530 ']	C=0.99794
rs188137856	['chr22:50143596 ']	G=1.00000
rs732449	['chr22:50143617 ']	C=0.77507
rs17013161	['chr22:50143646 ']	G=0.90026
rs192754612	['chr22:50143663 ']	C=1.00000
rs149078280	['chr22:50143665 ']	C=1.00000
rs143146667	['chr22:50143727 ']	C=1.00000
rs148269003	['chr22:50143760 ']	C=0.99882
rs34312500	['chr22:50143798 ']	G=0.97385
rs184262093	['chr22:50143803 ']	T=0.99979
rs5771190	['chr22:50143808 ']	G=0.90936
rs5845923	[]	N/A
rs145637690	['chr22:50143903 ']	T=0.99785
rs138262874	['chr22:50143947 ']	C=0.99926
rs115059170	['chr22:50144053 ']	G=0.99752
rs2272836	['chr22:50144121 ']	C=0.822981
rs186827227	['chr22:50144154 ']	N/A
rs2272837	['chr22:50144197 ']	A=0.748297
rs11704548	['chr22:50144201 ']	G=0.92793
rs142752424	['chr22:50144214 ']	C=0.99994
rs191589445	['chr22:50144353 ']	A=1.00000
rs184907608	['chr22:50144379 ']	T=0.99886
rs59650998	['chr22:50144439 ']	C=0.93392
rs35911313	['chr22:50144450-50144455 ']	TGTGTG=0.85724
rs73187209	['chr22:50144592 ']	T=0.8645
rs113464463	['chr22:50144620 ']	C=0.99820
rs181770835	['chr22:50144621 ']	G=0.99692
rs185231385	['chr22:50144631 ']	A=0.99547
rs189733342	['chr22:50144643 ']	A=0.99232
rs181279630	['chr22:50144674 ']	C=0.99972
rs149408877	['chr22:50144675 ']	A=0.99845
rs138262	['chr22:50144707 ']	A=0.78752
rs184910645	['chr22:50144754 ']	T=0.99626
rs59020637	['chr22:50144782 ']	C=0.99359
rs6010191	['chr22:50144803 ']	G=0.99133
rs138263	['chr22:50144816 ']	C=0.76576
rs138264	['chr22:50144817 ']	A=0.2770
rs138265	['chr22:50144823 ']	T=0.2863
rs71316585	['chr22:50144824 ']	G=0.93370
rs71316586	['chr22:50144828 ']	G=0.94570
rs4838850	['chr22:50144832 ']	C=0.75734
rs180953224	['chr22:50144842 ']	A=0.99979
rs186204825	['chr22:50144860 ']	C=1.00000
rs112256184	['chr22:50144932 ']	G=0.97418
rs192022989	['chr22:50145006 ']	G=1.00000
rs183566688	['chr22:50145018 ']	C=1.00000
rs4838810	['chr22:50145069 ']	A=0.77417
rs188389848	['chr22:50145134 ']	G=0.99922
rs191265258	['chr22:50145188 ']	C=0.99943
rs141244442	['chr22:50145236 ']	C=1.00000
rs9617105	['chr22:50145253 ']	G=0.88448
rs138266	['chr22:50145315 ']	C=0.0834
rs111970512	['chr22:50145432 ']	T=0.99327
rs141444590	['chr22:50145494 ']	T=0.99972
rs150428804	['chr22:50145539 ']	A=1.00000
rs55747387	['chr22:50145701 ']	G=0.974516
rs2272838	['chr22:50145772 ']	A=0.758825
rs2272839	['chr22:50145819 ']	C=0.99222
rs12170772	['chr22:50145832 ']	C=0.97318
rs182650671	['chr22:50145833 ']	G=0.99978
rs115111481	['chr22:50145850 ']	G=0.99772
rs187341896	['chr22:50145859 ']	C=1.00000
rs191335312	['chr22:50145863 ']	G=1.00000
rs183917151	['chr22:50145866 ']	C=1.00000
rs17013168	['chr22:50145987 ']	C=0.93195
rs111385997	['chr22:50146179-50146180 ']	
rs34298991	['chr22:50146247 ']	G=0.88476
rs35470139	['chr22:50146264 ']	C=0.88502
rs138267	['chr22:50146372 ']	G=0.59387
rs187751257	['chr22:50146391 ']	C=0.98751
rs193121007	['chr22:50146418 ']	G=0.99993
rs140993474	['chr22:50146574 ']	G=0.99889
rs185084022	['chr22:50146644 ']	C=0.99974
rs116251293	['chr22:50146707 ']	G=0.99390
rs9628265	['chr22:50146745 ']	T=0.79185
rs149461660	['chr22:50146804 ']	G=0.99995
rs77691680	['chr22:50146878 ']	A=0.99993
rs190015304	['chr22:50146957 ']	C=1.00000
rs182135834	['chr22:50146985 ']	G=1.00000
rs4838811	['chr22:50147013 ']	C=0.77152
rs143850585	['chr22:50147076 ']	C=0.99884
rs5771080	['chr22:50147099 ']	G=0.86341
rs4838851	['chr22:50147166 ']	G=0.78131
rs183973731	['chr22:50147169 ']	G=0.99983
rs4838852	['chr22:50147197 ']	A=0.37748
rs56281345	['chr22:50147234 ']	C=0.98976
rs13058004	['chr22:50147634 ']	C=0.76344
rs760751	['chr22:50147986 ']	G=0.77237
rs117989126	['chr22:50147991 ']	C=0.99211
rs146691772	['chr22:50147997 ']	C=0.99986
rs188687951	['chr22:50148036 ']	C=0.99986
rs2015460	['chr22:50148244 ']	G=0.77300
rs180727541	['chr22:50148292 ']	G=0.99785
rs2015453	['chr22:50148374 ']	G=0.77295
rs139338183	['chr22:50148404 ']	G=0.99921
rs2015446	['chr22:50148438 ']	G=0.77543
rs115654701	['chr22:50148476 ']	C=0.98148
rs138268	['chr22:50148558 ']	C=0.57192
rs144083961	['chr22:50148866 ']	G=0.96728
rs138269	['chr22:50148885 ']	T=0.2653
rs2015413	['chr22:50148915 ']	C=0.86162
rs150194550	['chr22:50148922 ']	C=0.99264
rs116170997	['chr22:50149005 ']	C=0.99840
rs79122572	['chr22:50149033 ']	G=0.98599
rs145734466	['chr22:50149089 ']	G=0.99937
rs185172623	['chr22:50149147 ']	C=1.00000
rs148926984	['chr22:50149200 ']	G=0.99915
rs143729226	['chr22:50149396 ']	G=1.00000
rs77816267	['chr22:50149397 ']	C=1.00000
rs116743003	['chr22:50149400 ']	G=0.99307
rs192111093	['chr22:50149493 ']	C=0.99903
rs182170807	['chr22:50149535 ']	G=0.99972
rs138270	['chr22:50149550 ']	T=0.508281
rs138373368	['chr22:50149597 ']	N/A
rs138271	['chr22:50149702 ']	C=0.703682
rs2272840	['chr22:50149724 ']	G=0.77230
rs144016647	['chr22:50149755 ']	C=0.99932
rs187653378	['chr22:50149858 ']	N/A
rs12484907	['chr22:50149884 ']	G=0.947256
rs191574766	['chr22:50149923 ']	G=0.99915
rs183139345	['chr22:50149996 ']	C=0.99736
rs28478271	['chr22:50150041 ']	A=0.92188
rs28434495	['chr22:50150046 ']	A=0.85320
rs185636136	['chr22:50150068 ']	C=0.99868
rs190296729	['chr22:50150119 ']	C=1.00000
rs146698873	['chr22:50150177 ']	T=1.00000
rs2294395	['chr22:50150279 ']	G=0.77295
rs182154379	['chr22:50150284 ']	G=1.00000
rs139358871	['chr22:50150298 ']	C=0.99993
rs141550141	['chr22:50150347 ']	C=0.99979
rs115890717	['chr22:50150607 ']	N/A
rs117372572	['chr22:50150629 ']	G=0.99951
rs117743785	['chr22:50150692 ']	G=0.98457
rs116255337	['chr22:50150732 ']	C=0.99949
rs2294396	['chr22:50150767 ']	C=0.86009
rs138410975	['chr22:50151029 ']	C=1.00000
rs149240375	['chr22:50151143 ']	A=0.99995
rs79304	['chr22:50151147 ']	A=0.35178
rs187594586	['chr22:50151327 ']	T=0.99813
rs193213104	['chr22:50151435 ']	A=1.00000
rs146221279	['chr22:50151561 ']	G=1.00000
rs34724782	['chr22:50151578-50151579 ']	
rs4838853	['chr22:50151608 ']	C=0.86231
rs183823449	['chr22:50151683 ']	T=1.00000
rs139165566	['chr22:50151721 ']	G=1.00000
rs116761794	['chr22:50151763 ']	G=0.99605
rs6010145	['chr22:50151857 ']	G=0.87163
rs144103975	['chr22:50151890 ']	C=0.99972
rs9628292	['chr22:50151902 ']	C=0.98271
rs145986014	['chr22:50151945 ']	G=1.00000
rs148664170	['chr22:50151964 ']	C=0.99717
rs738335	['chr22:50152042 ']	G=0.87348
rs6010146	['chr22:50152076 ']	A=0.77274
rs738336	['chr22:50152114 ']	C=0.87214
rs71668513	[]	N/A
rs75737255	['chr22:50152152 ']	A=0.99840
rs9628293	['chr22:50152205 ']	G=0.94713
rs189240495	['chr22:50152247 ']	C=1.00000
rs117051591	['chr22:50152295 ']	G=1.00000
rs115703540	['chr22:50152308 ']	C=0.97176
rs192033696	['chr22:50152345 ']	G=0.99993
rs78910978	['chr22:50152460 ']	A=0.99619
rs184393729	['chr22:50152536 ']	T=0.99624
rs138272	['chr22:50152574 ']	G=0.4356
rs73187217	['chr22:50152705 ']	C=0.99359
rs151218332	['chr22:50152733 ']	C=0.99513
rs140460814	['chr22:50152781 ']	G=0.99785
rs188438775	['chr22:50152792 ']	C=0.99993
rs73187219	['chr22:50152896 ']	G=0.99894
rs191696484	['chr22:50152965 ']	T=1.00000
rs183495733	['chr22:50152993 ']	A=0.99929
rs56038025	['chr22:50153026 ']	C=0.98470
rs117525895	['chr22:50153030 ']	A=0.99873
rs56173861	['chr22:50153041 ']	G=0.97273
rs113994716	['chr22:50153092 ']	G=0.999892
rs145335500	['chr22:50153239 ']	G=0.99838
rs147697745	['chr22:50153248 ']	C=0.99991
rs77106439	['chr22:50153249 ']	G=0.98442
rs738337	['chr22:50153254 ']	G=0.85711
rs76837887	['chr22:50153331 ']	G=0.99882
rs138273	['chr22:50153435 ']	A=0.0907
rs117838793	['chr22:50153528 ']	C=0.99264
rs138274	['chr22:50153535 ']	A=0.29818
rs35138863	['chr22:50153634 ']	C=0.97268
rs138275	['chr22:50153697 ']	C=0.57406
rs146769028	['chr22:50153704 ']	C=1.00000
rs189145242	['chr22:50153724 ']	G=0.99899
rs79250573	['chr22:50153754 ']	G=0.93960
rs181086133	['chr22:50153771 ']	C=1.00000
rs139290840	['chr22:50153829 ']	T=0.99673
rs116442086	['chr22:50153931 ']	G=1.00000
rs62239290	['chr22:50153934 ']	C=0.95611
rs138276	['chr22:50154088 ']	G=0.71170
rs11914077	['chr22:50154095 ']	G=0.99473
rs148160369	['chr22:50154210 ']	C=0.99968
rs115825988	['chr22:50154211 ']	G=0.99771
rs187115228	['chr22:50154274 ']	A=0.99993
rs141160719	['chr22:50154356 ']	A=0.99924
rs146171765	['chr22:50154453 ']	G=0.99716
rs190765754	['chr22:50154618 ']	C=0.99915
rs9617107	['chr22:50154797 ']	T=0.95841
rs137939342	['chr22:50155016 ']	C=1.00000
rs181485511	['chr22:50155233 ']	N/A
rs186171550	['chr22:50155295 ']	C=0.99943
rs117129122	['chr22:50155312 ']	G=0.99285
rs4838855	['chr22:50155432 ']	C=0.88131
rs190048534	['chr22:50155442 ']	C=0.99957
rs142507628	['chr22:50155464 ']	T=1.00000
rs145967240	['chr22:50155520 ']	N/A
rs113355881	['chr22:50155595 ']	A=0.94521
rs182711603	['chr22:50155683 ']	C=1.00000
rs139588421	['chr22:50155770 ']	C=1.00000
rs62239291	['chr22:50155910 ']	T=0.86578
rs186724247	['chr22:50156030 ']	C=0.99993
rs190765998	['chr22:50156031 ']	G=1.00000
rs182955682	['chr22:50156109 ']	N/A
rs188644819	['chr22:50156263 ']	G=0.99943
rs28825717	[]	N/A
rs6010148	['chr22:50156406 ']	A=0.32276
rs118079533	['chr22:50156550 ']	C=0.99882
rs192595187	['chr22:50156552 ']	C=0.99936
rs76342860	['chr22:50156568 ']	C=0.99965
rs182723158	['chr22:50156582 ']	G=1.00000
rs114400858	['chr22:50156640 ']	C=0.99923
rs148472820	['chr22:50156726 ']	N/A
rs9617108	['chr22:50156753 ']	T=0.86151
rs4838856	['chr22:50156827 ']	C=0.92403
rs58942095	['chr22:50156937 ']	G=0.85352
rs187404143	['chr22:50156958 ']	A=1.00000
rs145355175	['chr22:50156982 ']	G=0.99766
rs8135747	['chr22:50157006 ']	C=0.973087
rs147655154	['chr22:50157024 ']	C=0.99264
rs77854221	['chr22:50157081 ']	T=0.99834
rs79303359	['chr22:50157190 ']	G=0.99875
rs10427578	['chr22:50157193 ']	C=0.87001
rs5771193	['chr22:50157212 ']	T=0.85818
rs35033752	['chr22:50157271-50157276 ']	CCCCCC=0.92292
rs192271533	['chr22:50157274 ']	C=0.99930
rs142340229	['chr22:50157301 ']	N/A
rs184758367	['chr22:50157313 ']	G=1.00000
rs144762236	['chr22:50157408 ']	A=0.99862
rs5771086	['chr22:50157413 ']	T=0.245955
rs57262148	['chr22:50157484 ']	G=0.92154
rs13057433	['chr22:50157625 ']	T=0.86064
rs76682367	['chr22:50157676 ']	G=0.98754
rs13054483	['chr22:50157838 ']	C=0.92728
rs112833168	['chr22:50157847 ']	G=0.98689
rs71318808	[]	N/A
rs189965434	['chr22:50157980 ']	C=1.00000
rs151269819	['chr22:50158183 ']	G=0.999769
rs192261959	['chr22:50158222 ']	G=1.00000
rs140564205	['chr22:50158226 ']	G=0.98809
rs114396996	['chr22:50158334 ']	G=0.99804
rs184530390	['chr22:50158369 ']	A=0.99792
rs73893128	['chr22:50158374 ']	C=0.99519
rs17013173	['chr22:50158482 ']	T=0.98786
rs189347010	['chr22:50158555 ']	T=0.99964
rs181924406	['chr22:50158608 ']	G=0.99986
rs79598723	['chr22:50158706 ']	C=1.00000
rs150447838	['chr22:50158835 ']	G=1.00000
rs185921944	['chr22:50158845 ']	T=0.99476
rs189034758	['chr22:50158900 ']	N/A
rs73187226	['chr22:50159037 ']	C=0.72091
rs760753	['chr22:50159116 ']	A=0.092394
rs181748678	['chr22:50159163 ']	N/A
rs138334769	['chr22:50159339 ']	C=0.99757
rs3747938	['chr22:50159550 ']	C=0.86692
rs186260170	['chr22:50159559 ']	G=0.99868
rs3747939	['chr22:50159707 ']	T=0.99953
rs117653034	['chr22:50159804 ']	C=0.99819
rs17781047	['chr22:50159867 ']	G=0.72102
rs145162130	['chr22:50159869 ']	A=0.98599
rs191488234	['chr22:50159930 ']	A=0.99979
rs55925167	['chr22:50160047 ']	C=0.92560
rs1109823	['chr22:50160122 ']	G=0.57972
rs137906560	['chr22:50160136 ']	C=0.99439
rs142337645	['chr22:50160162 ']	A=0.99840
rs144704425	['chr22:50160277 ']	C=0.99528
rs180766294	['chr22:50160309 ']	C=0.99921
rs186100701	['chr22:50160339 ']	C=0.99471
rs190735878	['chr22:50160346 ']	A=1.00000
rs183213624	['chr22:50160363 ']	C=0.99910
rs58643837	['chr22:50160536 ']	G=0.99653
rs2272841	['chr22:50160682 ']	T=0.84567
rs149143559	['chr22:50160824 ']	G=0.999650
rs2272842	['chr22:50160899 ']	C=0.99727
rs183806586	['chr22:50160954 ']	T=1.00000
rs2272843	['chr22:50161037 ']	C=0.859739
rs187838910	['chr22:50161062 ']	G=0.99994
rs148213119	['chr22:50161306 ']	G=1.00000
rs141267497	['chr22:50161342 ']	G=1.00000
rs150761060	['chr22:50161501 ']	C=1.00000
rs143777373	['chr22:50161808 ']	C=0.99903
rs147216066	['chr22:50161939 ']	G=0.99993
rs192951741	['chr22:50161963 ']	G=1.00000
rs3818122	['chr22:50162059 ']	C=0.99931
rs184100100	['chr22:50162172 ']	C=0.99993
rs730341	['chr22:50162190 ']	C=0.46145
rs144595634	['chr22:50162192 ']	C=0.99730
rs17013190	['chr22:50162209 ']	G=0.97032
rs145771230	['chr22:50162254 ']	G=0.99979
rs148524512	['chr22:50162311 ']	G=1.00000
rs730342	['chr22:50162360 ']	C=0.89255
rs760754	['chr22:50162390 ']	C=0.31626
rs142926620	['chr22:50162425 ']	T=0.99841
rs186816363	['chr22:50162458 ']	A=1.00000
rs73187228	['chr22:50162587 ']	C=0.97237
rs191583505	['chr22:50162589 ']	T=0.99989
rs4838857	['chr22:50162634 ']	T=0.88112
rs151103101	['chr22:50162732 ']	G=1.00000
rs9628295	['chr22:50162765 ']	A=0.98719
rs141346297	['chr22:50162768 ']	G=1.00000
rs730340	['chr22:50162817 ']	C=0.84357
rs760755	['chr22:50162890 ']	T=0.121327
rs79161610	['chr22:50163139 ']	G=0.99968
rs145182321	['chr22:50163153 ']	G=0.99986
rs116131882	['chr22:50163272 ']	C=0.98719
rs9628267	['chr22:50163292 ']	G=0.96456
rs9628268	['chr22:50163333 ']	C=0.96030
rs28587396	['chr22:50163407 ']	A=0.96093
rs73187230	['chr22:50163478 ']	C=0.95860
rs140824689	['chr22:50163483 ']	C=0.99984
rs184900436	['chr22:50163491 ']	C=0.99993
rs150078803	['chr22:50163492 ']	G=0.99984
rs189570616	['chr22:50163566 ']	N/A
rs181672920	['chr22:50163578 ']	A=0.99986
rs185378020	['chr22:50163745 ']	G=0.99972
rs189388238	['chr22:50163789 ']	T=1.00000
rs111287080	['chr22:50163911 ']	G=0.99206
rs181406607	['chr22:50163973 ']	G=0.99986
rs143496535	['chr22:50163992 ']	G=0.93701
rs186513078	['chr22:50164170 ']	C=0.99698
rs189712576	['chr22:50164175 ']	G=0.99964
rs9628297	['chr22:50164253 ']	C=0.98640
rs143611846	['chr22:50164363 ']	A=0.99986
rs147225758	['chr22:50164449 ']	C=0.99569
rs180958374	['chr22:50164504 ']	A=1.00000
rs140580132	['chr22:50164522 ']	C=0.99899
rs9628298	['chr22:50164591 ']	A=0.96515
rs75739603	['chr22:50164748 ']	T=0.99957
rs186205202	['chr22:50164892 ']	C=1.00000
rs190961936	['chr22:50165034 ']	C=0.99757
rs115221550	['chr22:50165153 ']	T=0.99646
rs150813131	['chr22:50165155 ']	C=0.99993
rs139253440	['chr22:50165178 ']	G=0.99884
rs150021104	['chr22:50165211 ']	C=0.99812
rs145239854	['chr22:50165257 ']	A=0.99979
rs56007883	['chr22:50165290-50165294 ']	AAAGA=0.72192
rs140145465	['chr22:50165517 ']	C=0.99360
rs17248210	['chr22:50165584 ']	T=0.86725
rs183313468	['chr22:50165611 ']	N/A
rs143771877	['chr22:50165647 ']	G=0.99995
rs35779629	['chr22:50165762 ']	G=0.86044
rs146883331	['chr22:50165770 ']	G=1.00000
rs140695825	['chr22:50165818 ']	C=0.99802
rs62239294	['chr22:50165848 ']	A=0.33093
rs143029206	['chr22:50165850 ']	G=0.99287
rs151155342	['chr22:50165904 ']	C=1.00000
rs68009856	[]	N/A
rs112915006	['chr22:50166267 ']	A=0.94719
rs5014948	['chr22:50166276 ']	G=0.96473
rs71311689	['chr22:50166364 ']	A=1.0000
rs71311690	['chr22:50166377 ']	T=1.0000
rs188664276	['chr22:50166380 ']	C=1.00000
rs74206645	[]	N/A
rs62239295	['chr22:50166532 ']	A=1.0000
rs187338442	['chr22:50166564 ']	G=0.99469
rs71311691	['chr22:50166621 ']	A=0.64840
rs77542859	[]	N/A
rs62239296	['chr22:50166708 ']	A=0.82938
rs148096552	[]	N/A
rs71198230	['chr22:50166798-50166802 ']	GGGGG=0.94185
rs141829889	['chr22:50166805 ']	G=0.98936
rs116914202	['chr22:50166840 ']	T=0.90973
rs115569168	['chr22:50166851 ']	C=0.99958
rs150647051	['chr22:50167123 ']	G=0.99984
rs191339295	['chr22:50167188 ']	A=1.00000
rs140059197	['chr22:50167194 ']	G=0.99834
rs12484680	['chr22:50167317 ']	G=0.98964
rs12484379	['chr22:50167380 ']	C=0.85897
rs12484691	['chr22:50167382 ']	G=0.86040
rs183917259	['chr22:50167386 ']	G=0.98965
rs150072192	['chr22:50167540 ']	G=1.00000
rs17183551	['chr22:50167616 ']	G=0.99449
rs193257470	['chr22:50167688 ']	G=1.00000
rs35988447	['chr22:50167754 ']	A=0.83648
rs9628299	['chr22:50167765 ']	G=0.3442
rs185012797	['chr22:50167791 ']	C=0.99931
rs190204028	['chr22:50167912 ']	C=1.00000
rs78967127	['chr22:50167919 ']	G=0.99302
rs145398501	['chr22:50167960 ']	G=0.99936
rs72490263	['chr22:50167962 ']	G=0.99598
rs113203525	['chr22:50167993 ']	C=0.96065
rs181914805	['chr22:50168101 ']	A=1.00000
rs57148818	['chr22:50168213 ']	T=0.99803
rs9617110	['chr22:50168458 ']	T=0.99754
rs9617111	['chr22:50168461 ']	N/A
rs142017879	['chr22:50168558 ']	T=1.00000
rs118057628	['chr22:50168613 ']	G=0.94548
rs5771202	['chr22:50168839 ']	T=0.53167
rs116587393	['chr22:50168980 ']	T=0.98175
rs11101951	['chr22:50168982 ']	G=0.858932
rs140283535	['chr22:50168985 ']	G=0.99051
rs9628269	['chr22:50169063 ']	C=0.98645
rs188688159	['chr22:50169073 ']	T=0.99938
rs60452707	['chr22:50169164 ']	G=0.97311
rs73893131	['chr22:50169194 ']	A=0.99763
rs180725914	['chr22:50169195 ']	T=0.99986
rs73433387	['chr22:50169253 ']	G=0.99592
rs114688789	['chr22:50169370 ']	A=0.99792
rs185157037	['chr22:50169377 ']	A=1.00000
rs113626810	['chr22:50169522 ']	C=0.99771
rs182420931	['chr22:50169842 ']	C=0.96845
rs150384257	['chr22:50169849 ']	C=0.95805
rs36078816	['chr22:50170110 ']	G=0.98294
rs187374073	['chr22:50170399 ']	G=0
rs191827973	['chr22:50170978 ']	C=0.99185
rs114230638	['chr22:50171004 ']	C=0.99896
rs183552905	['chr22:50171136 ']	G=0.99972
rs185640139	['chr22:50171194 ']	C=1.00000
rs149566956	['chr22:50171200 ']	G=0.97337
rs3817816	['chr22:50171224 ']	A=0.208739
rs190300708	['chr22:50171278 ']	G=0.99950
rs74978794	['chr22:50171281 ']	C=0.97490
